company_id,rating by external agency,moving_avg_churn_rate,users,current_revenue,sector,future_revenue
1888,C,0.023492583452007547,289.0,7609,b,4551
2642,A,0.00392852795266461,198.0,8377,c,12602
2100,A,0.023319325601840198,316.0,8876,c,10537
1841,B,0.009618429851197518,354.0,7894,b,6364
418,C,0.04805902010829431,279.0,7778,d,4151
156,D,0.0618204258816343,363.0,9871,d,5235
1450,C,0.03490772674457248,376.0,10899,b,6934
2319,B,0.05557581713229441,313.0,8363,c,9611
196,B,0.10007257787730583,425.0,9630,d,1961
1266,B,0.0927672610044373,304.0,8526,b,9116
2140,A,0.07793997650074729,319.0,11067,c,5253
546,C,0.0545036838239227,373.0,10736,a,4588
2047,A,0.010925894102649117,111.0,3463,b,3239
306,B,0.059977873479106235,458.0,7126,d,4630
1359,C,0.09914286755971786,430.0,8057,b,7572
1845,C,0.0676129248463879,430.0,13086,b,5974
1505,C,0.05920183923009177,375.0,12615,b,6448
1043,B,0.039166314505413705,236.0,4836,a,6367
124,B,0.04135662963806886,466.0,7753,d,7320
2474,C,0.030432117160737116,505.0,4869,c,644
2085,C,0.05957142456385606,500.0,13695,c,7324
182,A,0.014108757924745868,227.0,1929,d,9529
480,D,0.08490246787260375,294.0,7238,d,3324
489,C,0.03543247747078992,218.0,8767,d,4314
298,A,0.07759072515473256,289.0,10157,d,4660
2532,B,0.10163940545574127,210.0,12142,c,6554
715,D,0.050663837492265905,197.0,10544,a,1884
1882,C,0.1042726027016275,542.0,12457,b,4505
2060,C,0.056224015837853636,395.0,9817,b,6302
1820,C,0.06771464221534337,112.0,7419,b,2290
2296,C,0.06574295061532585,137.0,6840,c,3736
1959,B,0.02173625260283191,326.0,7908,b,8075
653,D,0.08698963745554453,504.0,13953,a,8726
92,B,0.09591449919152921,562.0,11127,d,5573
883,C,0.09993070860885186,141.0,12528,a,8585
2244,D,0.09057121661702275,459.0,8522,c,2385
855,B,0.09672261184095336,420.0,12471,a,8357
398,D,0.04754436125485815,76.0,6300,d,7650
1246,C,0.01275637878886228,528.0,10367,b,11356
2658,D,0.04579706685560099,355.0,7864,c,1841
2679,C,0.030039606228839427,174.0,9911,c,6010
1942,C,0.04815208434878378,531.0,10298,b,8542
1780,C,0.05261612577854117,101.0,10240,b,1920
1647,B,0.015672140021039175,282.0,9146,b,7958
924,B,0.07761172414070557,88.0,6267,a,9003
352,B,0.009592234655489982,60.0,1931,d,8689
1018,B,0.08293154787696877,91.0,13501,a,5639
104,C,0.09644495765947518,252.0,15407,d,4136
248,B,0.0320564760191518,118.0,7340,d,10478
333,D,0.020263510845949788,542.0,6938,d,3472
1809,C,0.06760868479714106,272.0,7722,b,5814
2204,D,0.09010179199196795,533.0,7103,c,-1208
2245,A,0.08142572549130046,148.0,9501,c,11079
1295,D,0.06850760362726369,404.0,7245,b,2263
641,A,0.09650554911948135,449.0,6949,a,3546
2392,C,0.06735782486642827,84.0,6519,c,1642
831,B,0.020451856888183233,148.0,4151,a,6835
1414,B,0.0764637172091375,491.0,11047,b,6874
2137,B,0.05314637338229592,396.0,4205,c,1546
1639,C,0.021464706803089956,476.0,7574,b,10174
1509,C,0.09635386546957908,118.0,14390,b,5454
2212,D,0.08141167703380423,364.0,9803,c,8757
1811,B,0.06818089440970816,73.0,9681,b,10825
563,B,0.006145141337064687,232.0,2748,a,8914
597,C,0.02463771180651687,396.0,11033,a,7691
2639,C,0.0416868194914541,202.0,6128,c,1129
758,C,0.060520893981083165,79.0,8472,a,3578
1279,B,0.045645961703554436,482.0,11851,b,11240
1270,A,0.07274928403052179,350.0,10927,b,9966
1458,C,0.07008812888267528,215.0,7390,b,4992
1313,B,0.062300938884386904,172.0,8457,b,5020
652,C,0.06249061751179382,297.0,11257,a,7943
654,D,0.06835070302285898,276.0,11577,a,6433
2083,C,0.008619317409206392,505.0,10904,c,11331
1698,B,0.06298745528442393,292.0,11611,b,9315
224,B,0.09627704998187678,283.0,13430,d,12018
2385,B,0.06770725919122127,172.0,12345,c,10078
757,B,0.040306263139343365,103.0,4977,a,5551
1465,A,0.09343635623910557,304.0,8651,b,4065
899,C,0.05168232700913704,90.0,11695,a,7015
2393,B,0.08206115673488178,221.0,13500,c,3812
353,B,0.0031918512035052195,116.0,7386,d,10287
953,B,0.021669160487251544,337.0,4416,a,6909
997,C,0.10259936796016142,299.0,12282,a,5564
2365,D,0.09526072960771759,134.0,11668,c,4374
1581,C,0.02310379367066095,510.0,5449,b,5992
1174,B,0.09620341742569154,372.0,8460,a,3634
1499,D,0.01708826823316557,468.0,10563,b,9237
496,C,0.0511704403809262,337.0,10935,d,10220
1328,D,0.09619746143656574,116.0,13595,b,2939
217,D,0.03395974187116939,479.0,6784,d,7907
2138,C,0.03954905715869272,285.0,7280,c,6295
2294,B,0.09672724948628883,506.0,12054,c,4602
1872,D,0.027027020336829334,62.0,10337,b,6300
2255,B,0.05476413569599947,355.0,9241,c,10283
53,B,0.10014793200986757,596.0,11167,d,8779
245,A,0.015040499318797296,410.0,3076,d,6444
562,C,0.05542672287059227,495.0,9961,a,10391
259,C,0.01575155055190067,412.0,10347,d,10432
23,C,0.09104015755974178,134.0,9189,d,2529
1426,A,0.08459582159125789,591.0,11654,b,5003
1649,C,0.081046908536179,416.0,7305,b,4432
2246,A,0.04917847351450201,196.0,4444,c,3439
600,D,0.052890594585421315,274.0,7024,a,5741
710,B,0.091028759558068,227.0,9253,a,9131
2162,D,0.09130704802857961,227.0,15246,c,8912
638,B,0.0336236408294259,426.0,5590,a,8359
1652,B,0.040304904522560935,179.0,7638,b,10776
1129,A,0.08952417554911277,475.0,6157,a,6901
1951,A,0.0961039655079455,337.0,13025,b,10234
2347,C,0.0761056709893527,188.0,12618,c,9854
2247,A,0.08093464556795153,146.0,6094,c,7077
1939,C,0.0835943844893405,183.0,10715,b,5972
179,B,0.048194900516564596,336.0,3086,d,5430
1380,C,0.01019522712151994,94.0,5034,b,1619
2087,A,0.013360583977322246,398.0,4707,c,7504
1907,B,0.10199708313403177,161.0,8460,b,6516
195,C,0.08004830113055147,586.0,10178,d,10178
781,B,0.07832172334178822,346.0,12341,a,4713
582,C,0.02273940623323832,160.0,10110,a,9641
876,C,0.04730209165805479,331.0,12259,a,8892
1655,A,0.07768455732441763,382.0,7682,b,7408
713,B,0.008675965829150523,463.0,5292,a,8331
332,A,0.0067231210663776155,138.0,8198,d,12189
2035,C,0.060449456263673096,247.0,7979,b,3493
1010,C,0.09146104843053496,353.0,10105,a,6477
1412,D,0.02073800235880527,97.0,4707,b,2037
619,C,0.037342285574422665,370.0,4866,a,1983
2438,B,0.0919046698098418,525.0,12021,c,9326
1193,A,0.0088448897127591,212.0,7402,a,11222
982,B,0.012843519898113965,240.0,7503,a,12762
98,C,0.08642892433055796,185.0,14457,d,4689
962,C,0.09175966642510285,112.0,8753,a,7273
443,B,0.10145788177588808,537.0,11483,d,5884
1771,A,0.061761634179187355,398.0,10716,b,7813
775,A,0.06547747478126589,568.0,10203,a,10407
1106,D,0.08491399866121217,561.0,12068,a,4245
692,A,0.072189216512738,271.0,9483,a,6728
457,C,0.030591163353590946,75.0,8795,d,10061
900,B,0.04133409141879416,284.0,10572,a,8132
320,A,0.0016934103142317754,323.0,5944,d,10844
850,D,0.060378778005986754,345.0,8053,a,7810
2119,C,0.04126884403000593,259.0,5643,c,6119
964,C,0.05385790718590241,435.0,7697,a,7728
1867,D,0.02367422981821266,268.0,10991,b,6455
1187,A,0.027091453819619287,516.0,6507,a,4647
436,D,0.020464070317062516,135.0,12689,d,7611
1285,C,0.025473007224205015,310.0,10247,b,3058
192,C,0.0965711006812498,434.0,8656,d,9032
1185,A,0.04010318584483952,438.0,6996,a,12252
2075,D,0.08481102053305885,326.0,14323,c,5070
2269,B,0.0103312972086129,439.0,2824,c,2789
518,D,0.06994147742780564,246.0,14369,d,8674
33,B,0.035358461426551205,100.0,4699,d,3077
1357,D,0.06018383134023424,183.0,10932,b,3668
1691,B,0.015480880566024827,307.0,8277,b,9629
2038,C,0.07680851325492358,458.0,14336,b,11842
117,A,0.07893154289829055,227.0,12454,d,12953
1854,B,0.046552173733331016,599.0,8961,b,9781
1491,D,0.053978992406423086,496.0,6871,b,3467
1680,C,0.09831643454666393,288.0,11509,b,8530
1826,C,0.025406435944002558,258.0,10234,b,6287
2576,C,0.07276838123319798,179.0,9128,c,8210
909,C,0.09984883586722368,123.0,13083,a,8199
1417,C,0.0839973661792082,134.0,14102,b,9540
1537,C,0.024505169615271476,294.0,2814,b,7571
2354,D,0.0877565543206888,463.0,8841,c,8116
1952,B,0.05478189792027841,221.0,6124,b,9092
1654,B,0.005024732803617262,122.0,5667,b,6398
2428,C,0.09974540008446345,293.0,8551,c,3933
427,D,0.08423300422093652,468.0,7171,d,5550
2408,A,0.06865362346343987,325.0,10506,c,7404
491,C,0.030394121218032914,290.0,12516,d,10624
311,B,0.05526360214301616,459.0,5205,d,2450
2302,A,0.07286275226399018,332.0,4985,c,1791
1520,C,0.0840299159280571,428.0,14378,b,8817
2490,D,0.051789758416249776,404.0,8459,c,4394
2224,C,0.045426291521849904,58.0,12404,c,10991
501,B,0.05597829083175028,218.0,11543,d,6656
536,A,0.06273255132359312,599.0,5827,d,8390
2597,B,0.03335062762543613,359.0,9635,c,6441
688,D,0.021321622933805816,240.0,5778,a,2150
1991,B,0.055189301136315524,265.0,12651,b,6302
252,B,0.07517688119473216,504.0,4885,d,3093
1147,C,0.03732747385580503,238.0,11778,a,6927
276,B,0.05662470085207712,210.0,9249,d,9806
806,D,0.09363271337674486,508.0,9965,a,7885
1965,C,0.10028619268016112,386.0,11333,b,8898
2454,B,0.048308050235320935,420.0,5479,c,6669
1824,D,0.018931961544702225,143.0,12348,b,11737
812,B,0.09378707687180414,253.0,11796,a,11173
1681,B,0.05394050638917218,315.0,9660,b,7592
2484,D,0.05619176364027776,307.0,6920,c,8707
289,A,0.06393064355209986,489.0,8037,d,5648
1983,D,0.013418636804952302,86.0,9035,b,2810
1368,C,0.0190049171226996,339.0,10803,b,5779
1832,A,0.05299542584441469,177.0,8418,b,9297
1476,A,0.012024876164204999,532.0,7370,b,12308
1103,C,0.09703156012939818,297.0,8436,a,9083
2588,C,0.061665931294620245,305.0,9768,c,2577
667,D,0.026209098393559477,490.0,4103,a,782
1423,B,0.08705314015551106,292.0,8947,b,7166
2281,B,0.08596151558685836,259.0,8989,c,10854
2549,B,0.029301181485287424,152.0,4666,c,10649
113,B,0.09421914268819888,499.0,9507,d,9329
1886,B,0.0022540656466016685,196.0,2664,b,4779
2560,C,0.07438246205984764,283.0,10794,c,6673
1453,D,0.017702240557535748,399.0,4366,b,135
636,D,0.06448055384966804,456.0,14046,a,4001
1300,C,0.011175600581470052,377.0,5966,b,7490
2475,B,0.015242603347093302,416.0,6793,c,5217
2136,A,0.07237481027955157,606.0,8626,c,3869
2058,A,0.09477897034197257,573.0,12981,b,10168
227,B,0.01576299837886405,356.0,4883,d,4288
2671,B,0.05401342632191314,163.0,9310,c,7387
2375,C,0.04991279517952847,502.0,5648,c,8839
1254,A,0.07417593976732433,281.0,6068,b,5460
526,B,0.059193109695770255,387.0,6491,d,3000
1396,B,0.08539006978332946,371.0,10462,b,7148
621,D,0.07024515147684679,64.0,6988,a,5446
2572,B,0.06245007993079048,553.0,7294,c,3902
1813,D,0.015520388944602443,421.0,10574,b,7389
446,C,0.027565433531992322,239.0,10633,d,12523
1100,C,0.06331194367916515,362.0,8926,a,2651
15,D,0.03434009220939841,269.0,8477,d,3850
2452,D,0.06224766481880437,564.0,13210,c,3814
722,B,0.014631906290140769,410.0,4718,a,7335
2675,B,0.07789687048329093,332.0,11711,c,10448
1573,A,0.03787937398926515,503.0,7955,b,7178
1079,B,0.03651644398287406,277.0,5892,a,9891
10,B,0.10202830626568746,225.0,12057,d,3789
1474,C,0.04774757591041168,358.0,7970,b,5541
70,C,0.012321504268435373,392.0,7086,d,4043
1590,B,0.02908714904505495,386.0,9824,b,8981
2590,B,0.030899369298295128,328.0,7580,c,6244
1356,B,0.03575742961133956,446.0,5830,b,4740
9,D,0.03960767224548177,409.0,5752,d,9165
361,B,0.07067485994070424,615.0,12588,d,4404
1087,B,0.06976298812255013,368.0,12099,a,10011
2491,C,0.036490202280828526,221.0,6820,c,6739
296,C,0.08769527415850065,486.0,12558,d,6707
2122,C,0.024508329781978554,146.0,9332,c,7040
1180,C,0.020233641113898172,563.0,11668,a,9874
2473,C,0.028481986349547628,525.0,3980,c,4717
1836,C,0.04014321648865285,498.0,9228,b,4667
1077,B,0.0713419042245669,529.0,7929,a,4634
2477,D,0.07976837424031233,292.0,9363,c,6332
317,C,0.006117109187853858,139.0,4492,d,5421
1460,B,0.014978001282674264,170.0,8783,b,9461
1615,A,0.05455405654846386,226.0,8566,b,11850
1657,C,0.06195895034849278,102.0,13304,b,10792
1670,D,0.014317354120319073,351.0,10010,b,8480
2466,C,0.08538611038428763,169.0,12046,c,5374
1136,C,0.04455101306779944,493.0,8694,a,2940
2373,C,0.03308746788798834,290.0,9515,c,3512
1464,C,0.10365152558306556,480.0,8860,b,5645
1399,B,0.00827161318560982,534.0,7350,b,7635
1898,B,0.07104236093105791,399.0,13232,b,10007
963,C,0.05572550763832571,86.0,9625,a,8493
1267,C,0.018489048643251987,379.0,8499,b,10960
2423,C,0.06618835715746046,548.0,8140,c,3353
1257,D,0.03208608113138708,540.0,11571,b,3975
1261,C,0.0935548819716405,191.0,7491,b,4175
1081,C,0.0437475645034002,206.0,5606,a,6710
1626,B,0.011734037947262164,569.0,4075,b,7509
1027,D,0.07683119830930617,217.0,13148,a,9092
2611,B,0.016325279984391546,109.0,7977,c,7957
121,A,0.007978463946719963,228.0,8660,d,11125
2363,D,0.07902022269772975,568.0,14480,c,5796
1794,C,0.06100806994568594,368.0,6492,b,1962
2519,D,0.03792774957009888,229.0,6750,c,4720
581,B,0.09384406342080429,336.0,9753,a,5201
1183,B,0.02723658736259823,499.0,4052,a,7643
1686,D,0.01877620771659403,134.0,4656,b,2723
2676,A,0.025867686992097887,262.0,4323,c,9064
567,B,0.09080388110069232,475.0,10177,a,6009
1612,C,0.04893103031294412,115.0,11140,b,5170
2553,A,0.06494076483802337,393.0,7101,c,5356
1393,B,0.03343539900713652,88.0,10183,b,6195
2206,B,0.08566408339817225,257.0,12102,c,7629
1825,A,0.0841680065484071,76.0,12880,b,5805
628,C,0.04487253041707874,564.0,9986,a,3636
1665,B,0.004830482400586342,74.0,8432,b,7249
135,C,0.07176197955693774,463.0,14578,d,8287
1821,A,0.02889013338580964,16.0,7129,b,7600
1009,B,0.08194210768491121,520.0,11061,a,4831
2285,B,0.09821806948295195,319.0,13116,c,5991
2458,C,0.05804375979101282,111.0,7482,c,7802
527,A,0.07027111402210809,331.0,8115,d,11951
2032,C,0.050653349443158927,167.0,5478,b,4009
346,C,0.014039283213605902,374.0,8893,d,12367
396,C,0.04474926295868156,165.0,11001,d,5534
1990,C,0.05322447516876809,132.0,10380,b,10450
712,A,0.07867129334640925,514.0,5372,a,7849
2563,B,0.06914166371897372,507.0,9886,c,3120
2256,B,0.015928239478516237,75.0,3036,c,8229
2665,B,0.06834767750177147,177.0,7015,c,6659
271,A,0.040113758036465066,575.0,10011,d,4648
2416,D,0.08504693320921544,393.0,15088,c,4605
1390,A,0.0793429677103297,78.0,10077,b,11048
916,B,0.03093446830789166,98.0,5389,a,5428
2520,B,0.05449743504535694,419.0,10694,c,10444
1663,C,0.0843887414660341,308.0,11141,b,4076
2230,B,0.03695337282215556,197.0,8578,c,8777
2229,B,0.09734971845614024,331.0,11609,c,10608
1543,B,0.04412840431053673,168.0,8976,b,9132
109,A,0.07239144198402302,385.0,8381,d,7372
385,C,0.05231083474039326,80.0,6515,d,2322
1175,B,0.029107814289112566,387.0,3752,a,7465
2609,B,0.0978985660152161,522.0,13733,c,9796
2352,D,0.041370233247868746,87.0,8645,c,3161
137,B,0.07834307478627747,450.0,8332,d,1471
1929,C,0.014732502285386972,153.0,10602,b,4210
2683,A,0.06108240921428698,476.0,5671,c,3385
700,C,0.06780178540292149,353.0,10542,a,5183
2111,B,0.10023481072447545,472.0,11717,c,9581
2485,C,0.08012860607264352,121.0,11053,c,8027
2297,C,0.010584914290024906,265.0,4119,c,1390
1332,C,0.0795977140577476,161.0,6423,b,3965
2534,C,0.07046812958719442,255.0,8255,c,5318
2680,A,0.09643121458867072,470.0,11174,c,12262
2198,C,0.08920940760896892,278.0,10138,c,9228
2652,B,0.10183564057954494,517.0,10413,c,4109
138,C,0.1048004280885509,143.0,12154,d,5267
2621,C,0.04037715582071275,449.0,8831,c,7925
482,C,0.050268266797147666,545.0,10561,d,8339
2643,C,0.05147685334963113,250.0,8752,c,7893
2219,B,0.0741712555171983,568.0,8340,c,4452
1063,C,0.03956951184492656,252.0,12088,a,12607
1455,A,0.08506640239687117,380.0,6992,b,6198
1633,D,0.05346132747511316,202.0,5723,b,5009
1864,D,0.040493227629848035,178.0,7522,b,3861
215,A,0.07416028658679338,434.0,10061,d,4856
2524,C,0.07367156023760116,161.0,11686,c,5686
1762,A,0.03842842680462568,165.0,9628,b,9480
1005,C,0.008368412577709887,165.0,8539,a,8997
27,B,0.07217436648503142,295.0,7597,d,10666
895,D,0.103788462065953,498.0,8697,a,5364
936,B,0.024112871414960883,410.0,6824,a,10309
1242,C,0.018898640519782735,148.0,6364,b,3782
487,D,0.09671320902609103,191.0,10067,d,573
666,C,0.05322878076737466,430.0,5449,a,7501
615,B,0.08083519393315546,568.0,9418,a,6630
764,C,0.03043964513963936,484.0,11319,a,4850
905,D,0.049743606390069375,488.0,7247,a,2005
22,A,0.04040902104158134,378.0,7306,d,6873
1598,B,0.053998477238308154,432.0,6556,b,3850
2512,A,0.010326649024232797,458.0,8570,c,11619
502,A,0.018824129314563277,165.0,10120,d,7431
1122,C,0.02086356592840453,292.0,3135,a,5841
1753,D,0.0881201851612883,291.0,11996,b,4737
723,C,0.07209434677289886,419.0,12044,a,7498
1569,D,0.07711702776416599,249.0,6457,b,62
1492,D,0.07057494170542983,113.0,13021,b,7688
547,C,0.07312965574257471,168.0,7969,a,6141
399,B,0.024590605311750016,88.0,10281,d,9458
2327,B,0.08225017346695036,381.0,11810,c,8043
1726,D,0.07173674778332964,473.0,14238,b,5070
1358,B,0.039826744043314495,392.0,9381,b,3778
1192,C,0.06472137906600404,569.0,12517,a,11769
1716,B,0.059338033771502506,167.0,10308,b,9001
1428,D,0.060854492242745674,360.0,10960,b,9900
454,C,0.056088247791765244,472.0,13351,d,10659
2467,C,0.005926460996717014,557.0,5039,c,7343
1702,B,0.07608124899219013,360.0,7142,b,6105
1776,B,0.09352907280429644,146.0,13559,b,4421
686,A,0.05416198265717183,580.0,12263,a,13079
1687,C,0.01634006345048465,535.0,7479,b,9818
1588,A,0.07053128200526995,555.0,8229,b,7885
234,D,0.01579586549315436,216.0,8806,d,3792
643,B,0.07675658817182987,382.0,9103,a,6604
1994,B,0.026218641468178087,93.0,10754,b,4989
1038,B,0.014674555099321756,49.0,8130,a,8293
314,B,0.08576831697425472,129.0,7786,d,3475
687,A,0.04108764611151428,217.0,6580,a,7994
37,B,0.08500346440895426,469.0,10388,d,2681
2157,B,0.06279409305284611,389.0,5547,c,5194
944,A,0.06339031877022998,286.0,6697,a,3773
716,B,0.06071566578561335,272.0,8241,a,11303
1303,C,0.007661786144307817,455.0,5323,b,10227
1188,C,0.013459755774803902,516.0,10382,a,10310
2279,C,0.03607759764618428,453.0,4443,c,3559
2300,C,0.06741169621450849,299.0,6792,c,4697
1725,B,0.05557100775843109,395.0,8379,b,4771
1098,C,0.10450212537927861,420.0,8101,a,5434
674,A,0.042583486082439566,276.0,7315,a,8054
1091,C,0.0657009287147334,330.0,10238,a,7521
425,B,0.10289019528407335,334.0,7234,d,9075
1363,A,0.07495082301386645,348.0,8299,b,4690
422,C,0.035788974649870284,461.0,7614,d,5361
1591,C,0.018495885232808165,442.0,9134,b,9402
711,A,0.015560676069372805,280.0,6456,a,9626
465,B,0.04478858436834863,315.0,3878,d,9211
2673,B,0.011973092463087146,147.0,3751,c,6581
1139,D,0.0985188976935471,404.0,13793,a,6147
578,B,0.06794742652670702,186.0,11159,a,4942
1411,C,0.03627589979432498,581.0,5820,b,9189
2527,C,0.07516046861941061,384.0,13064,c,4138
148,C,0.024155447860413664,471.0,4168,d,7090
1884,C,0.036286298390437,363.0,8270,b,7171
2552,B,0.0652496037752943,507.0,5398,c,2141
1570,B,0.02549424620348124,464.0,6013,b,6094
1036,B,0.0852988418837487,245.0,6167,a,1392
302,C,0.07556461266790204,177.0,9539,d,10063
478,A,0.005689850091607567,306.0,6410,d,7035
2190,A,0.004182803926545574,338.0,4284,c,3927
1712,C,0.027756888362983807,413.0,6274,b,7163
191,C,0.08815246819862169,320.0,15176,d,9641
1451,C,0.10178109492614065,581.0,15653,b,3599
1674,C,0.0961821678505173,533.0,7868,b,5617
1893,B,0.010676927263059102,419.0,2445,b,2829
937,C,0.051163403171164704,302.0,11591,a,6719
2669,C,0.10388933914099571,541.0,13966,c,8123
2450,A,0.0815184043873838,428.0,7250,c,3269
720,A,0.012416203352451296,336.0,5540,a,9113
1621,C,0.07090701125098528,285.0,11090,b,4997
841,B,0.06520694466290733,259.0,4328,a,7095
1232,D,0.011636239739394951,217.0,4622,b,1794
351,B,0.004333709743112745,301.0,5661,d,7109
1052,C,0.09118343598995608,246.0,11875,a,8844
708,B,0.10056847045653472,205.0,11741,a,5297
2574,B,0.04072607194253664,179.0,12456,c,8437
1603,A,0.08285291195310246,237.0,11810,b,10991
949,C,0.06423373959502914,338.0,6177,a,4052
326,B,0.008323837906807421,187.0,1824,d,2448
1322,D,0.04265760902740834,466.0,11753,b,6675
1783,B,0.0259793322822368,76.0,4623,b,3240
868,C,0.08609646744021007,379.0,6760,a,3840
1555,D,0.10082707294629692,162.0,9139,b,3732
2158,B,0.03567310314181841,104.0,9826,c,4465
564,C,0.028892203116889604,387.0,9104,a,3796
405,A,0.019308953058456,161.0,3429,d,2216
2479,B,0.0021548800886401266,110.0,5450,c,5088
2414,D,0.015560821911324515,516.0,8886,c,2549
57,D,0.06342328820329943,307.0,7085,d,3361
1830,C,0.011933584824197655,246.0,10351,b,4291
971,A,0.04423324910232029,182.0,9567,a,7541
1943,C,0.013563726907611007,117.0,3412,b,2782
2394,B,0.08694097983202023,186.0,12770,c,9264
2328,D,0.0562968135034292,318.0,12957,c,8996
2602,C,0.07527466931637933,455.0,8431,c,1665
2585,C,0.06233308223236848,342.0,10088,c,3694
1897,D,0.06038310133401945,243.0,11352,b,7999
2620,B,0.07866454304852262,142.0,13499,c,9832
402,C,0.08187988332974724,297.0,7653,d,9691
2640,C,0.07837210849947239,294.0,11338,c,3330
2661,A,0.09644077834178047,179.0,11207,c,9138
1334,A,0.07184473573479193,379.0,9828,b,6275
1648,C,0.032599132823530504,210.0,11410,b,8502
76,B,0.010375404264146942,172.0,9387,d,8691
878,D,0.07813292754673183,241.0,6453,a,389
728,B,0.018091112529833524,229.0,7979,a,4346
452,C,0.07759085003045996,449.0,9338,d,4687
2399,C,0.06267590856938624,406.0,8315,c,3527
565,C,0.04248732536329025,362.0,6859,a,2275
2526,C,0.07708515510559155,428.0,8467,c,6467
1592,D,0.04167591970250596,600.0,10073,b,8181
1222,D,0.02596282816606299,220.0,7104,b,2774
1906,B,0.04290619022358733,340.0,11518,b,11401
2064,C,0.06563685860703003,105.0,11606,b,5085
438,A,0.03982090333408082,514.0,8536,d,5788
2427,D,0.06637170859772204,288.0,7006,c,5772
1628,D,0.011945738279949526,79.0,3874,b,116
1042,C,0.08381264936801727,249.0,14297,a,5946
1377,B,0.017121275220613782,532.0,4726,b,7759
838,C,0.04002883208414153,518.0,13251,a,5302
2593,C,0.036316699088903684,339.0,10944,c,4275
295,C,0.0631431001229886,572.0,10723,d,4046
1058,B,0.0709949912616902,141.0,11543,a,12624
1379,C,0.0429657125538641,594.0,6448,b,9748
1317,C,0.09904245684556347,254.0,12016,b,2187
1110,B,0.09541619678007673,531.0,11547,a,7858
1704,B,0.059478440287101544,158.0,7307,b,7604
2667,C,0.06999238225493268,226.0,10948,c,10944
682,C,0.04609529725784408,475.0,4848,a,1140
1622,C,0.10506168994744222,79.0,9250,b,3504
330,D,0.04150783942040128,353.0,7272,d,1825
670,B,0.048926017941917324,519.0,11280,a,7294
2275,C,0.09522194431320301,592.0,11736,c,10550
768,A,0.09023185165687157,371.0,6423,a,8544
1651,D,0.07444823469619478,119.0,7685,b,7512
1165,A,0.04012687712990153,229.0,5427,a,9773
2357,A,0.08226727178523137,550.0,7236,c,6596
2557,D,0.07841365202342976,407.0,9802,c,5125
2460,D,0.024904139992355946,149.0,7754,c,2083
683,B,0.02581075155446244,539.0,9570,a,8525
1759,B,0.0094485135107227,345.0,5406,b,8222
610,B,0.06655402447789385,95.0,12451,a,10198
1632,A,0.0019156217233340165,470.0,7678,b,6023
672,D,0.061514667196887064,524.0,13162,a,4531
2025,B,0.0052568870384076104,131.0,7926,b,4239
1694,D,0.08277554465681326,192.0,13843,b,5842
1766,A,0.03282569451534724,297.0,7029,b,7236
852,B,0.05914416299083206,537.0,6399,a,9112
69,D,0.06034116188802387,457.0,10716,d,3512
1030,C,0.09868278353318073,280.0,9530,a,9383
981,D,0.09599614317980001,231.0,9839,a,2747
935,A,0.050081720634132895,571.0,9695,a,11524
2481,D,0.06035137177763765,288.0,8169,c,7229
2043,C,0.02184096158609491,180.0,9745,b,5131
1981,A,0.09553504809811228,390.0,6958,b,4818
303,B,0.06775807079955401,449.0,10453,d,10341
1521,B,0.06732982762680029,347.0,5722,b,3688
132,B,0.09601900165255398,331.0,10120,d,9754
1526,D,0.03674039948314095,471.0,8393,b,7842
1012,A,0.008073565601246904,508.0,5737,a,12342
14,C,0.00903434527799837,420.0,7623,d,6544
1003,B,0.09073407228963234,412.0,9455,a,2672
242,C,0.08986836320103184,233.0,9329,d,3878
1160,C,0.09929705231236707,129.0,10581,a,9296
144,D,0.06158143920431665,345.0,13442,d,4739
921,B,0.06185408612379469,474.0,6166,a,7744
1263,C,0.03736086128508977,130.0,4943,b,6770
880,C,0.014733292002571268,432.0,5762,a,2854
204,B,0.009164695295346095,60.0,3147,d,7799
41,B,0.057522507759856414,122.0,13272,d,10512
2568,B,0.0134740247127513,216.0,5332,c,8524
1025,C,0.0991243746779023,135.0,8229,a,2467
4,B,0.06059573438339538,357.0,9785,d,3877
702,B,0.07800001653400411,456.0,11086,a,12327
2166,B,0.019239767289442284,470.0,6458,c,7360
618,B,0.023081389239408258,270.0,6383,a,10713
906,B,0.008784052130101633,481.0,5748,a,3461
390,C,0.09379451393735998,472.0,11549,d,8607
2456,B,0.02123215414242404,450.0,8932,c,4783
896,B,0.03696878753642917,504.0,5438,a,3801
251,C,0.04726344477055808,455.0,6811,d,7930
357,C,0.047129507905535335,325.0,11252,d,5433
897,C,0.06316670848201458,231.0,9089,a,11028
1496,C,0.08178019985543736,213.0,9014,b,6999
1801,D,0.044060510877560764,396.0,6868,b,4543
1737,C,0.07395511681187569,79.0,7778,b,8751
232,C,0.027422707642348575,129.0,7942,d,9716
1157,D,0.10109689120533753,484.0,13396,a,4215
558,B,0.01771625011345971,199.0,3231,a,7066
743,B,0.07448372205773303,126.0,7478,a,1709
1512,C,0.01742941691408698,217.0,4917,b,3611
1424,D,0.10126365620412484,399.0,16445,b,9945
1002,D,0.05393243393117658,444.0,10910,a,3391
1277,C,0.030989393819285876,298.0,5711,b,8536
543,C,0.056866231764528985,371.0,7439,a,3539
2579,D,0.08000540645159379,507.0,7723,c,5182
569,C,0.047335587537995494,524.0,7192,a,7288
1205,A,0.012249377755913216,301.0,2171,b,4889
2353,B,0.01316328279593012,272.0,4782,c,5629
1212,B,0.056637547356079156,305.0,7829,b,3638
817,C,0.09020114307658891,191.0,6658,a,7763
1876,B,0.03363557752836092,228.0,5850,b,9829
1068,B,0.04414882616355141,342.0,9040,a,4811
522,B,0.02951305016419122,548.0,6089,d,9790
1142,B,0.0312844013753955,244.0,6273,a,7972
1101,A,0.06750916323829412,538.0,7930,a,3597
2429,C,0.05113596027744695,105.0,8364,c,3107
2405,C,0.0617609363725947,436.0,13519,c,11013
2644,C,0.07868456232742774,503.0,12845,c,10983
676,B,0.07408453578864657,355.0,8547,a,2593
1708,C,0.06366241883580258,248.0,7517,b,7349
1802,C,0.05087023096333047,480.0,11889,b,10705
2517,A,0.04141304981665565,548.0,8667,c,7753
616,B,0.07356562891341886,419.0,9115,a,8742
776,A,0.07319471323992724,528.0,6811,a,2849
145,C,0.011073144672435318,389.0,6736,d,6414
1601,C,0.08467964122804271,325.0,8702,b,2198
1017,A,0.0991285903415822,246.0,10603,a,9223
979,C,0.07617646685222691,362.0,11134,a,7758
910,B,0.013714183519233102,363.0,7961,a,9179
162,D,0.0298473807452569,415.0,5592,d,8381
1083,A,0.0895243192919574,241.0,8015,a,7388
1195,A,0.028020067611301307,235.0,4170,a,6288
1775,D,0.038491347085726366,540.0,12038,b,10764
2078,C,0.021062053431004923,350.0,9637,c,4302
983,B,0.016310095356630396,331.0,7312,a,4137
745,C,0.04316305142897006,465.0,10919,a,7601
486,B,0.09003412201567265,483.0,12862,d,11604
2361,A,0.05705126229794929,283.0,11727,c,5410
2126,C,0.06735754032673251,352.0,9992,c,6426
2516,C,0.03168067986255338,114.0,4620,c,2497
989,B,0.10147380184898494,231.0,13688,a,5046
1151,D,0.051537893336116324,199.0,7867,a,6286
379,D,0.043760505849297596,442.0,5768,d,2025
1061,C,0.08447269262669342,564.0,9555,a,8876
1301,B,0.09521709461890152,244.0,5862,b,4420
39,C,0.048304958738149356,82.0,7420,d,6529
2123,D,0.08108367774502956,574.0,8176,c,542
961,B,0.06329773570067579,100.0,6384,a,2166
966,D,0.0684384759381778,246.0,14586,a,9832
731,A,0.03035763790777863,220.0,9826,a,10211
1049,C,0.09450681764323035,344.0,12615,a,9059
1611,C,0.01536155159044047,303.0,10772,b,6320
1403,D,0.016232219991011692,40.0,10906,b,5296
1936,A,0.03552023544767199,463.0,4762,b,9976
861,D,0.029124595665765897,427.0,5282,a,4335
414,C,0.0376493977403912,313.0,4640,d,1571
704,D,0.04892062421104667,305.0,13213,a,11879
1347,D,0.014959445427999384,107.0,8182,b,9368
1210,A,0.06429926266673006,99.0,10829,b,9946
1833,C,0.06726212510644944,125.0,5400,b,4013
1197,D,0.07047658112011754,406.0,14427,a,11124
1758,D,0.026739364915999004,166.0,6292,b,1231
440,C,0.0385149003017705,270.0,4614,d,360
477,C,0.08522962687413058,593.0,7268,d,479
1059,B,0.06800382330352832,269.0,11905,a,6718
2584,C,0.04914254670812883,258.0,10985,c,10025
2258,C,0.07897539840570951,590.0,7463,c,8779
2366,C,0.02209535964479664,367.0,11328,c,9595
793,D,0.018845649446929756,359.0,6221,a,2338
2681,B,0.06598269964150807,130.0,5480,c,2302
1330,D,0.028817278405651202,148.0,7502,b,4102
2381,B,0.027095739047352276,494.0,6907,c,3222
125,B,0.028312662702837648,265.0,7126,d,10555
1032,B,0.039745666363134556,560.0,6520,a,2955
2589,C,0.016517440285485706,302.0,3622,c,6206
890,A,0.05638774333823303,313.0,6180,a,5483
927,C,0.04873160596169502,353.0,10510,a,9635
391,B,0.0035770332478979464,237.0,3574,d,4863
1264,B,0.07821711232060372,218.0,7840,b,9819
220,A,0.007826569345492425,406.0,2289,d,8325
2570,C,0.07986882576502485,552.0,12465,c,9096
17,B,0.018200119762813292,124.0,5170,d,8774
58,B,0.02974298431503981,363.0,5977,d,3554
1503,B,0.09034488652088349,362.0,9640,b,5002
2506,C,0.048164656000465274,275.0,6789,c,8332
2065,D,0.06198774109492535,224.0,7863,b,4122
411,A,0.039073321231785384,475.0,11299,d,10054
2295,A,0.07763440424784841,490.0,10084,c,11433
1869,C,0.08898753012234138,368.0,9352,b,7732
1485,C,0.05566012622130105,299.0,13806,b,11996
2330,C,0.09359075115127764,132.0,10355,c,4110
2096,D,0.06797984862862154,323.0,13356,c,7220
2305,B,0.10230397523619987,606.0,7692,c,8530
149,A,0.07107008395290366,264.0,6782,d,2831
107,C,0.0656728409113184,395.0,10882,d,9017
1405,B,0.06633020679910225,211.0,9314,b,11049
933,B,0.0064508938138408065,286.0,7929,a,5967
1,D,0.10687531901679426,497.0,13456,d,2222
384,B,0.07578338378282938,244.0,10499,d,11219
530,C,0.10071431020728312,243.0,13075,d,9500
588,D,0.06762948219794138,234.0,13573,a,4030
746,C,0.039427460578605474,391.0,10487,a,4235
453,D,0.04340952928943278,492.0,11607,d,4882
2262,B,0.023112445231609206,479.0,10367,c,12966
938,B,0.06829477902053394,374.0,12453,a,9320
1922,C,0.035177421524439915,425.0,7481,b,7404
2265,B,0.07981599609469023,227.0,6142,c,2694
1255,C,0.09755102214097733,477.0,11088,b,4286
1738,B,0.025124895215857722,418.0,5486,b,7170
1456,C,0.0912139808115399,471.0,13919,b,9146
701,D,0.0416499365572371,388.0,10111,a,8390
1161,C,0.029285194899219314,486.0,6784,a,8049
1696,B,0.07557720781214695,509.0,9487,b,7917
2503,B,0.0910780469589687,524.0,10986,c,4019
52,D,0.05387557342051556,558.0,11611,d,9880
2248,B,0.01906535663456489,184.0,9894,c,11630
1644,C,0.03046885030078255,477.0,9603,b,6037
20,C,0.09383084937111033,391.0,10077,d,3383
1109,B,0.07841798412481014,70.0,6233,a,7918
1538,B,0.07948749722257963,554.0,13891,b,7370
703,B,0.06032737466103586,482.0,12573,a,7269
194,A,0.014440985431756625,412.0,8362,d,6152
189,C,0.054215932109253705,291.0,9860,d,3646
2108,B,0.019661110794741535,437.0,7866,c,8130
2253,B,0.08809846049707717,106.0,10129,c,3530
322,B,0.05682060495081641,458.0,10963,d,5822
2028,D,0.0765193467530651,319.0,12638,b,8127
634,C,0.014563114930092177,439.0,9017,a,7255
264,A,0.09289374697881433,550.0,8634,d,8775
2636,D,0.07244773942304329,159.0,10895,c,3298
2112,B,0.017749638475691054,171.0,6652,c,6181
1818,C,0.08960342400908841,141.0,6358,b,3322
913,B,0.0873195604405905,354.0,11052,a,8546
1225,B,0.04479473239670819,143.0,8129,b,11120
609,C,0.10456619613437945,331.0,8086,a,5949
1275,B,0.020617965848984978,259.0,4124,b,6585
1217,B,0.02023684391319012,242.0,10506,b,9600
1666,A,0.07890682846347694,396.0,6040,b,7955
1523,B,0.07974458217714842,499.0,12501,b,10231
579,D,0.06000758981476426,356.0,8840,a,1818
1047,B,0.09335514328975889,289.0,9032,a,6740
2483,C,0.08240365696165775,296.0,10611,c,8443
48,A,0.05335969858022525,411.0,4064,d,6184
847,A,0.0037971786954532085,302.0,3022,a,5740
223,C,0.0941862910786074,367.0,13719,d,11598
1627,A,0.09283166484141817,379.0,11535,b,9175
538,D,0.0923859644458702,582.0,8962,a,4341
1985,C,0.03945028070300797,495.0,12129,b,3157
2476,C,0.057948700198982114,248.0,10142,c,4560
2331,C,0.08345915554586483,108.0,9041,c,1305
1259,B,0.08269086282581341,135.0,7484,b,4129
791,B,0.09544268625075507,260.0,6565,a,4191
1516,B,0.07646470428875186,366.0,5846,b,569
1203,B,0.09641360657075496,356.0,7181,a,8583
575,A,0.05454019084474569,265.0,4922,a,3292
1635,B,0.024041797341555628,87.0,9729,b,11259
2504,C,0.09917672944690883,124.0,9208,c,1512
587,C,0.018150296024693386,404.0,5010,a,202
1949,A,0.08029336906688304,415.0,8043,b,6190
1148,C,0.021247743034288995,250.0,7670,a,2066
286,D,0.06050989660472581,592.0,9962,d,3038
2133,C,0.0747516005556613,147.0,8250,c,7801
40,C,0.0867636720435128,229.0,13800,d,6962
2228,C,0.06240463064380376,85.0,5473,c,179
2102,B,0.06901945678529636,276.0,4593,c,6783
1015,A,0.018739593573922637,474.0,4284,a,8526
1078,A,0.03995375518847709,504.0,8602,a,11501
2480,B,0.03954736957870084,534.0,7739,c,4876
206,A,0.08580641006932674,72.0,5352,d,5470
1835,D,0.019923857477405268,358.0,12096,b,7354
1211,A,0.09102163675166498,331.0,12768,b,7674
1114,A,0.04932058488914053,330.0,10638,a,7657
2329,C,0.03473569067626952,230.0,5964,c,5594
2014,C,0.04000394573703349,88.0,5189,b,7552
748,C,0.08054623895338514,238.0,10427,a,9131
1454,C,0.06841929571260104,288.0,6730,b,2656
2110,C,0.019555597401184323,164.0,5753,c,5748
557,B,0.0686801583820573,202.0,5633,a,6019
1946,B,0.07819359044684261,513.0,6277,b,1638
2183,D,0.05040584209860653,276.0,13599,c,6238
1784,D,0.05446266124397392,148.0,6212,b,7048
2655,A,0.019637793103079802,25.0,4425,c,7179
2012,B,0.05865742454960223,108.0,8834,b,8599
2463,C,0.0400797648670533,110.0,7290,c,6450
2345,B,0.05287125761053504,149.0,11552,c,6906
133,C,0.04152893082261529,282.0,7341,d,2235
836,D,0.04557335812622108,286.0,6520,a,868
1244,B,0.07519724868842517,527.0,11408,b,6586
886,B,0.07382488626336818,175.0,10823,a,7601
1865,A,0.015548746223658141,324.0,1998,b,9589
602,B,0.07884913287877997,150.0,8015,a,4649
1859,C,0.027291681154620558,495.0,10033,b,6738
2007,B,0.009657386965520643,495.0,8249,b,5976
1373,B,0.08376237047785384,304.0,7979,b,6847
1055,D,0.016377345334563417,33.0,10286,a,4518
568,B,0.004733348042603144,448.0,8450,a,7451
1199,C,0.05722335314567728,133.0,7978,a,2923
882,C,0.07316119829003828,454.0,11476,a,2578
1678,B,0.023225909143661072,310.0,4186,b,6170
2072,A,0.06641953627019895,399.0,6313,c,1639
1355,C,0.019698636802415338,68.0,4617,b,3223
2155,C,0.011787950004868944,131.0,7099,c,9983
11,C,0.02173980381510839,396.0,8821,d,8328
2015,C,0.04095867959527504,575.0,9136,b,9435
998,B,0.04743037121370652,395.0,4790,a,4508
2541,B,0.1005997668547109,310.0,14169,c,8103
1732,C,0.05506770438609918,465.0,11314,b,2930
305,D,0.09326411824595436,173.0,9901,d,6575
1656,B,0.07218058076655734,139.0,6892,b,8980
442,A,0.08617849306850715,579.0,13396,d,13548
2286,B,0.026597286167326806,243.0,2876,c,6833
1062,A,0.028249679165337632,177.0,7791,a,10846
157,B,0.013157955175926717,269.0,7103,d,8670
1418,C,0.06964435358397433,450.0,10008,b,9229
1875,C,0.0777500387703232,612.0,15250,b,6378
229,D,0.02490181042616819,535.0,5987,d,1997
505,D,0.049557298782615486,261.0,13980,d,11980
2441,D,0.02412525308908211,326.0,10343,c,8106
980,A,0.012920268464494289,314.0,7279,a,7721
2356,D,0.08014738991453439,225.0,14512,c,3507
18,D,0.011189315200769257,548.0,7635,d,4174
1945,A,0.026194263219219478,388.0,9187,b,8754
2575,D,0.07639887583699471,580.0,13954,c,10968
200,D,0.07924929922814047,455.0,12580,d,3085
392,B,0.034611030240323845,133.0,9430,d,7689
2569,A,0.0019238081365318329,498.0,4136,c,7260
1548,C,0.05971346756781428,277.0,11990,b,8468
1385,B,0.09844479976833055,119.0,15179,b,5444
646,C,0.08938427517125744,513.0,7748,a,1721
795,B,0.02843523110879384,160.0,4682,a,3852
1432,B,0.06938270168275529,42.0,11976,b,6330
47,D,0.0350957559770317,539.0,9544,d,2691
2432,B,0.04092719080879655,395.0,11092,c,12305
923,B,0.050914460815006765,362.0,4922,a,1572
1504,C,0.0452186690597269,390.0,10999,b,4980
175,D,0.04946022416653616,367.0,10766,d,4664
1140,C,0.09103266001527899,480.0,8255,a,8421
461,D,0.1050118370158742,164.0,11026,d,1121
2239,B,0.02623343593741282,534.0,3604,c,6935
995,C,0.09193341554685742,466.0,7221,a,1265
529,B,0.05587852692595345,171.0,10197,d,11840
1785,C,0.04586676946286802,513.0,12394,b,9638
1947,B,0.09890038241543471,132.0,7773,b,9878
1287,A,0.0008993553549607036,466.0,5936,b,8548
2034,B,0.05483934945369441,487.0,5920,b,9175
2564,D,0.08015592451227646,511.0,14056,c,11444
657,B,0.03923792350773593,482.0,4831,a,6103
2378,B,0.030633384405697156,427.0,6896,c,9916
1793,C,0.03717243497956174,131.0,9198,b,6658
1000,B,0.05143909595879774,118.0,10967,a,12358
1235,A,0.03276290919214296,326.0,8764,b,12110
1733,A,0.08173424061495121,552.0,6026,b,7097
2301,B,0.033274808530636926,279.0,7276,c,4564
2005,C,0.06413561632356216,424.0,8420,b,9606
2313,C,0.0882080073821621,560.0,7184,c,1139
2037,B,0.07927806716038158,218.0,8349,b,3054
1490,B,0.0764973688952956,588.0,8347,b,6192
2095,D,0.05489980161052308,167.0,8747,c,4321
254,A,0.06264189659066402,462.0,7602,d,5164
2073,B,0.044413030001135084,438.0,9704,c,5349
2677,B,0.02426081810892517,481.0,4529,c,5647
684,C,0.10710600303914361,152.0,11646,a,10106
300,D,0.10243293458585505,148.0,14613,d,9983
128,B,0.0865045133143227,185.0,8142,d,5817
1710,A,0.09214131076800476,446.0,12608,b,11358
30,C,0.019323798015966447,532.0,9481,d,9229
1086,B,0.10013171787249087,267.0,6860,a,8934
1013,B,0.07749062420505157,164.0,13022,a,7771
1528,C,0.08378343217062907,169.0,7079,b,6674
2276,C,0.013369948729900086,522.0,5291,c,6716
1271,B,0.04855388626069707,104.0,9709,b,3695
762,D,0.012974062590742986,245.0,3338,a,2980
1880,C,0.09219007510639651,375.0,12995,b,8960
517,C,0.07324649962070415,107.0,7610,d,6012
1051,C,0.009089299278403375,120.0,5801,a,3260
386,D,0.01630555729758964,558.0,7890,d,5504
651,A,0.09905231197016177,553.0,5811,a,3755
459,B,0.047404116825947085,344.0,6082,d,2284
1452,A,0.010826042977239205,252.0,5307,b,9618
1093,D,0.08966140048563793,473.0,11814,a,2340
1999,C,0.10046347751960134,123.0,11016,b,6286
805,C,0.05035076518203876,239.0,8034,a,9575
958,B,0.006676475597799612,464.0,1939,a,4903
2000,C,0.024722455308802394,493.0,10215,b,4381
1850,C,0.09034849345902718,617.0,14848,b,5422
283,A,0.07470883762706582,279.0,9102,d,4854
914,D,0.027834529753650937,121.0,5103,a,3696
1533,C,0.008563457596428976,278.0,10886,b,8538
2625,B,0.061085073133564774,73.0,5127,c,7809
926,C,0.010995475661443339,223.0,7234,a,3573
661,D,0.027511273765303303,142.0,8677,a,6667
2562,B,0.05764225761680706,423.0,11699,c,12356
2131,C,0.07162000688527735,154.0,9094,c,7883
1127,C,0.06453200136778678,375.0,13036,a,3943
988,C,0.0926347208626873,549.0,11367,a,6468
1463,D,0.10638786481220155,107.0,14250,b,7709
1714,B,0.007937317044786535,494.0,5745,b,3797
458,C,0.08129541655418152,105.0,11889,d,5766
1045,A,0.05697396173028946,245.0,7689,a,8030
503,D,0.04501456888002871,405.0,7827,d,4510
1237,C,0.033725901760760305,334.0,12072,b,7425
1779,C,0.05698647652426762,169.0,6767,b,7010
1689,C,0.030686153222951207,380.0,5989,b,7804
572,C,0.08044568402049279,565.0,14091,a,9502
2469,A,0.03695317614825731,459.0,5585,c,6595
2437,C,0.019549330501971378,448.0,4772,c,1244
6,B,0.06492697684778351,265.0,12464,d,9535
2455,B,0.05331497540537047,278.0,7607,c,7231
1724,B,0.06389220585308983,322.0,5578,b,2494
1918,A,0.10042029511475789,486.0,7917,b,7682
2358,D,0.10078943475199025,140.0,12981,c,1602
898,B,0.03928253018349104,292.0,10871,a,4796
1736,D,0.10699958183813296,166.0,8417,b,3446
2109,A,0.023798140279945017,373.0,2734,c,5413
488,B,0.04479691946381911,341.0,10237,d,5936
1713,A,0.08600779311205711,324.0,8722,b,10084
2547,C,0.05197684715357322,495.0,12037,c,7159
2307,D,0.03627241614249712,244.0,8156,c,5849
596,C,0.07233662432393706,352.0,12643,a,12066
2191,A,0.09188502216969249,248.0,6852,c,6533
1108,C,0.09899361361008371,201.0,14410,a,10604
1912,A,0.030396884781036453,388.0,9530,b,4895
444,C,0.01249012304720598,103.0,10454,d,10600
161,B,0.02118988055218824,203.0,8338,d,7980
2605,C,0.10534938490063694,470.0,11835,c,7142
249,C,0.03185944301897955,374.0,5072,d,2750
2332,C,0.05040192141781567,111.0,11493,c,8695
2531,A,0.024381898981864106,382.0,9362,c,6839
2318,C,0.005524952743678221,59.0,10071,c,4388
1431,C,0.04406232062302144,370.0,6957,b,5836
173,C,0.036263193257390754,554.0,8607,d,9489
1682,D,0.08594401470629925,603.0,8964,b,6714
1213,A,0.021663846715687562,441.0,9712,b,6209
118,C,0.1027728848105702,524.0,9293,d,8808
822,A,0.06040283849667226,421.0,12441,a,9395
991,A,0.005066024164210463,400.0,2177,a,4524
665,B,0.02945685950670065,507.0,7556,a,8896
1661,C,0.08466081554988861,559.0,7374,b,2743
2278,A,0.002690583251619675,211.0,5156,c,5762
570,C,0.09642812485408825,365.0,14677,a,7403
2234,C,0.02440959894114416,387.0,9062,c,8834
1995,C,0.058803289646863634,486.0,11267,b,3991
139,B,0.045630212123051656,208.0,11642,d,12612
1530,D,0.09554384097946851,219.0,16495,b,10204
574,A,0.043733997830696696,517.0,8386,a,12422
778,D,0.07389866044470203,143.0,9254,a,2188
1831,D,0.0628401831334056,423.0,12530,b,6912
951,A,0.007723726616023964,175.0,1633,a,8185
891,A,0.022325073093964143,164.0,5139,a,10700
2238,B,0.029063738731931948,435.0,4227,c,5726
2196,A,0.09780141201817166,154.0,5568,c,4691
648,D,0.03287882925107402,284.0,9038,a,2048
1757,B,0.07818487501302672,397.0,6928,b,1939
2626,D,0.030126357027325884,373.0,6487,c,2186
342,C,0.014355041331285914,547.0,7054,d,7860
792,C,0.04885069749166851,527.0,11856,a,9061
1256,A,0.06894402963939295,266.0,6136,b,9861
1575,B,0.08682749686774141,542.0,8434,b,7265
1846,B,0.09870296488301171,228.0,11607,b,4807
789,C,0.06612028848631883,514.0,13288,a,3840
2488,D,0.07863787847606382,230.0,13588,c,6259
1284,C,0.034194577519892536,461.0,8311,b,5884
1323,B,0.017722186965685578,517.0,7631,b,8142
1984,C,0.06527658240932879,321.0,10608,b,10210
535,C,0.03613669450889608,149.0,7076,d,4651
727,C,0.006961309525538984,497.0,5177,a,9245
1553,D,0.07644431179100619,509.0,13170,b,4120
2316,A,0.05909092791049282,168.0,11226,c,7881
43,B,0.0032930250587991624,169.0,9772,d,11677
2010,D,0.017246373628170435,369.0,5119,b,6696
1118,B,0.0628881689815568,482.0,11731,a,8622
1914,C,0.07693773101702682,136.0,9141,b,2867
483,B,0.0734747645044211,446.0,6556,d,7536
80,C,0.09992885640300293,251.0,14503,d,5331
2333,A,0.022506415744018786,338.0,3962,c,8057
270,C,0.09843392359641716,313.0,15130,d,11041
1761,B,0.07849320522629771,525.0,7384,b,3396
1326,B,0.019204668580131055,104.0,4085,b,3705
1138,B,0.0599813719755216,232.0,6761,a,2400
475,B,0.019445423029814207,475.0,4954,d,2803
532,B,0.07883411631364491,295.0,7797,d,7712
2029,B,0.08516836414133747,143.0,6901,b,7508
299,B,0.1005447062811663,341.0,12901,d,4616
1283,D,0.011112265712763308,470.0,10018,b,6313
1280,D,0.05112193423165381,550.0,9176,b,7845
1506,D,0.059418718325751387,320.0,8158,b,2220
267,B,0.05936516945484821,201.0,6512,d,879
485,B,0.06640627393471679,157.0,7659,d,6300
233,A,0.09129627988027851,524.0,5297,d,2094
1023,C,0.09521587822579378,159.0,8549,a,6512
1892,B,0.05381142732537818,430.0,10171,b,7764
1449,A,0.07254891160691025,455.0,13005,b,11734
1683,C,0.025699124791541628,453.0,7907,b,10735
287,B,0.0553330140618445,477.0,7918,d,4172
2509,A,0.09772154962094574,293.0,10103,c,5739
733,C,0.08919580049235612,510.0,13166,a,10537
2201,B,0.07865344151623152,368.0,14209,c,11984
512,B,0.09539903382086648,190.0,7627,d,5721
766,B,0.050239654979912195,596.0,9623,a,5885
810,D,0.06846943358728577,111.0,11466,a,7678
2066,D,0.06542105322237088,472.0,8015,b,5944
1116,C,0.0861917667907145,243.0,12242,a,2746
655,C,0.07434297822402548,503.0,12921,a,9311
815,B,0.057006500462175626,126.0,9554,a,3029
828,B,0.071189021853783,62.0,4614,a,1404
2189,B,0.04595506250506969,382.0,10960,c,6719
553,C,0.09087710543027974,529.0,12941,a,3158
840,C,0.021239076222188978,138.0,9728,a,11946
2178,B,0.032763034347251294,561.0,6703,c,9797
279,A,0.07709986602413159,335.0,8572,d,7206
820,B,0.004216056135233886,475.0,7812,a,9366
1571,B,0.08905052684497013,428.0,12457,b,7186
253,A,0.0014202909927936071,473.0,4704,d,9890
663,A,0.08361448723689566,440.0,11093,a,8311
250,D,0.054143924324834704,221.0,8971,d,5571
169,B,0.06363955437630889,210.0,9627,d,10622
2026,B,0.013952022182687198,430.0,6141,b,7354
2336,D,0.09936270294147773,133.0,10757,c,6343
1513,B,0.09600996143202034,462.0,9213,b,4150
2424,C,0.01854564146032277,158.0,9587,c,4682
2013,A,0.08730628642333238,219.0,11751,b,7521
829,C,0.03479261409056774,136.0,7853,a,8163
2128,D,0.05774646640211893,444.0,9417,c,1772
2273,B,0.0266358226732785,310.0,5529,c,7811
825,A,0.09992342389754005,440.0,14102,a,11027
2406,C,0.07559895824947331,122.0,10361,c,4288
1190,B,0.06638323808225366,192.0,8376,a,7963
918,A,0.05999679194118479,508.0,5423,a,2280
996,C,0.026630893923087384,168.0,9417,a,10406
31,C,0.08708157997114516,550.0,12262,d,5754
2515,C,0.08869858145625788,277.0,14473,c,9805
1703,D,0.053669833471783404,340.0,11778,b,3692
2542,C,0.07405766015448367,538.0,10221,c,5388
1302,D,0.04066761008523483,322.0,9871,b,6040
1837,C,0.0587970504600289,472.0,6543,b,8882
1790,B,0.04980237775082837,210.0,6783,b,3021
202,A,0.06170300104852646,516.0,6075,d,9853
842,A,0.009286028139637859,434.0,3045,a,4275
2057,B,0.0047016916562723525,505.0,7978,b,4287
2497,A,0.020618701970560174,122.0,8936,c,5194
1525,C,0.016298234932600984,177.0,7613,b,10407
2050,A,0.006919928826372719,455.0,2682,b,9659
2369,B,0.04594711781769721,201.0,7505,c,3671
2586,A,0.028682200440393452,503.0,6308,c,11273
1293,C,0.08996807913229354,480.0,14785,b,5725
1489,C,0.021057920570447135,265.0,11237,b,8758
359,B,0.06779595428283422,385.0,9597,d,7625
369,B,0.09865549538410587,596.0,12149,d,7665
794,B,0.06781761269917193,148.0,7345,a,9136
309,A,0.002186590443810374,169.0,9589,d,8025
2637,C,0.04990124206169583,489.0,9215,c,4967
2433,B,0.0746434178113207,541.0,12356,c,5357
1919,B,0.049930859784805,393.0,7278,b,4944
1935,A,0.019376191875081765,424.0,3493,b,8044
2397,C,0.06129833427093288,261.0,5332,c,5127
818,B,0.0883055107496212,67.0,5845,a,226
1273,B,0.09528290371884295,155.0,7338,b,5239
1056,A,0.07139887721335232,164.0,6361,a,5539
1366,A,0.07274266626962468,307.0,10732,b,4941
1427,B,0.005135418445651918,98.0,8257,b,11188
1594,A,0.04597610145198468,425.0,8036,b,4493
1070,B,0.05035522639690852,225.0,8157,a,8588
977,A,0.04364506063364536,543.0,4611,a,7215
2487,B,0.06592944654583748,535.0,12544,c,13154
87,A,0.08998705248992274,410.0,5151,d,4465
2430,B,0.10050057784939041,525.0,9629,c,9711
1746,B,0.021951226455375412,585.0,10269,b,9307
1881,A,0.08998111786378218,168.0,8897,b,7708
2613,C,0.09220796062974077,134.0,9869,c,9815
141,B,0.02961788344629267,385.0,7172,d,8907
892,C,0.07435136137254425,485.0,13498,a,5639
1473,A,0.039523451538538146,384.0,5475,b,4131
64,C,0.07631648251352557,407.0,7728,d,1864
1074,A,0.07055960714407386,262.0,11069,a,12746
2097,D,0.08408557503312748,208.0,12621,c,4377
2156,D,0.07724912117453606,399.0,9972,c,9245
1099,A,0.0855421367854908,218.0,7246,a,5676
521,A,0.048405527578688004,415.0,11809,d,9079
2200,A,0.015285454660272344,178.0,7802,c,10807
1842,C,0.02584984097907933,358.0,8302,b,6272
2530,B,0.02764903502111531,475.0,6382,c,10072
2207,B,0.10323308622037801,341.0,10689,c,6106
77,C,0.0431099931864994,475.0,5986,d,2051
1673,A,0.008006816566607124,314.0,2874,b,6948
393,B,0.07657549358442683,601.0,10108,d,4721
2124,B,0.07405497145098487,263.0,12621,c,5622
262,C,0.04060730681209938,187.0,11424,d,3996
1341,B,0.08914793240144656,172.0,10229,b,7227
240,B,0.09735225697487801,495.0,8515,d,3547
721,D,0.0863545377829543,306.0,12589,a,3917
1597,C,0.011855285219565595,114.0,8245,b,8960
1170,B,0.019055178637476366,149.0,4797,a,10775
1397,C,0.07600191241691859,276.0,9732,b,5721
799,B,0.05045611925878455,394.0,10116,a,10385
1997,B,0.007747651304018449,216.0,2402,b,6603
1041,C,0.04965120111620552,217.0,9150,a,1758
381,B,0.05001011111241812,207.0,8013,d,7504
2645,C,0.011215394619953063,233.0,10882,c,10652
2349,B,0.08406076847997405,264.0,11124,c,4488
2384,B,0.040219479657392525,416.0,10617,c,10751
106,B,0.047234327197781444,533.0,11219,d,10242
85,C,0.012250487753387291,83.0,7498,d,3649
474,D,0.0729139951632047,543.0,8921,d,3842
2293,C,0.012212184825796977,197.0,10785,c,4771
2566,C,0.009791203587242295,147.0,11157,c,5898
2309,A,0.07460470040705693,572.0,9723,c,7045
1173,B,0.09199535268213299,78.0,9239,a,2022
1482,A,0.0872894541681562,495.0,8282,b,4852
633,C,0.05022404977597381,302.0,5604,a,7013
1096,B,0.07968157358515042,509.0,6105,a,3019
629,D,0.025076478608127284,446.0,10910,a,9465
1535,A,0.015289885641114826,569.0,5402,b,12348
345,C,0.10249649918816126,78.0,7416,d,6729
1980,A,0.0948719661106278,173.0,11037,b,5814
310,C,0.07625267122274285,436.0,10853,d,10896
735,B,0.08756397272128612,143.0,12534,a,6984
187,C,0.09918017287924295,161.0,15179,d,9220
1467,C,0.1055464212969226,137.0,13899,b,2918
1387,D,0.027098164676196905,223.0,12553,b,7383
2660,D,0.03634748689300754,271.0,8868,c,7380
415,D,0.06725632094919533,515.0,7029,d,8155
516,B,0.05203695639167927,374.0,6280,d,9381
917,C,0.0936539078721507,229.0,9350,a,2713
344,A,0.000855637555639183,149.0,3795,d,7174
294,C,0.022843140175473193,353.0,5985,d,1773
1763,C,0.025699852949138034,394.0,6037,b,4723
1487,B,0.007710425660805551,506.0,2055,b,3424
2053,D,0.023106740382831392,334.0,9545,b,5362
2514,C,0.07937918163650226,283.0,10362,c,3327
1371,A,0.0332596465885354,142.0,5836,b,4087
1928,D,0.09336685250977425,258.0,10206,b,2956
2031,D,0.07122489694321947,435.0,13106,b,3660
2039,C,0.07937388637719128,492.0,9080,b,1446
2130,D,0.06345963445552323,391.0,8178,c,1247
260,A,0.08641995008454986,89.0,9621,d,9149
832,C,0.024746865106375825,114.0,7420,a,2553
2186,B,0.028936791544674257,322.0,10130,c,10489
2493,B,0.044529191292982426,403.0,3736,c,8190
1602,B,0.009963875864947685,323.0,7789,b,9440
1587,A,0.09921992477901356,331.0,8459,b,9362
1992,C,0.007051791377240699,194.0,2892,b,4004
2628,A,0.0660422498241841,310.0,7348,c,10628
2596,C,0.058086456556199,270.0,12978,c,7732
2151,A,0.09338069623963545,393.0,8546,c,4849
2653,C,0.025892458507267922,165.0,7094,c,7168
2218,C,0.06953688681432531,185.0,11739,c,5914
1950,D,0.029101127718446595,492.0,10229,b,3538
2346,C,0.06753648049501174,205.0,6584,c,4967
360,D,0.10131321752209962,295.0,16296,d,7080
620,C,0.07922336112799651,397.0,8655,a,7707
2044,A,0.03291241333846415,557.0,5976,b,10848
986,A,0.08458391681136954,425.0,6909,a,6591
34,B,0.05904984838692219,221.0,5581,d,4416
690,D,0.04830398402316584,452.0,6223,a,1046
2401,D,0.031191001474907536,245.0,9378,c,9009
1226,C,0.061504456000256016,448.0,12924,b,11136
376,C,0.018067080814050545,424.0,8752,d,3753
1972,B,0.04245540584730775,78.0,11154,b,8038
2226,D,0.030447869333034994,428.0,4590,c,7223
2364,B,0.06221380662666055,421.0,11160,c,8598
946,B,0.02968942891998137,238.0,11379,a,10936
2370,C,0.032675999534369775,495.0,11988,c,8540
1675,B,0.012479677523373856,270.0,3543,b,9272
506,B,0.09703144179376086,501.0,6566,d,2043
2472,A,0.04579982014093634,120.0,6172,c,2755
61,D,0.027882313126369417,317.0,5248,d,4414
2417,C,0.019241397623558087,76.0,6830,c,5726
2134,A,0.0493118354530413,286.0,10728,c,5377
2148,B,0.08185876238095999,475.0,13774,c,9397
1422,A,0.03500605518348265,411.0,3265,b,9896
1448,C,0.06353321846225068,426.0,5988,b,2666
519,A,0.05050290831504082,493.0,5027,d,2467
1240,B,0.062257931729277516,500.0,10867,b,11202
1519,C,0.08529081884122544,497.0,13970,b,8324
2099,B,0.08830731142740882,366.0,12561,c,8362
2326,D,0.035732934372884925,199.0,11229,c,3788
1559,A,0.09648054241969121,451.0,12328,b,11432
72,D,0.05715275631236377,259.0,11467,d,8790
2537,D,0.09531576829605262,269.0,11579,c,8912
36,C,0.05341361372241206,412.0,12901,d,11399
1748,B,0.03878241978670831,306.0,7704,b,7022
1695,D,0.0727009027611813,449.0,8994,b,1499
2649,B,0.059789240042795976,418.0,6037,c,7010
142,A,0.024304130916420034,234.0,4423,d,6748
2101,B,0.06513626062958057,93.0,11202,c,8572
2192,C,0.018733559995372368,342.0,4469,c,752
1471,C,0.012298668435816876,511.0,3742,b,8674
2624,B,0.09423770041646669,569.0,12420,c,11989
1367,B,0.037284519688330256,54.0,8949,b,6237
2315,C,0.07608060813351925,387.0,7014,c,6464
152,B,0.008899461016792343,195.0,5477,d,5620
2019,B,0.09458706517543461,486.0,12617,b,5586
2210,B,0.09607055958148085,524.0,8063,c,3092
1073,B,0.06078130381150494,492.0,6149,a,4191
42,B,0.029089926336226358,296.0,10966,d,12919
2465,A,0.02928703696359359,118.0,4146,c,8947
5,B,0.04772416766313522,297.0,7463,d,7494
55,C,0.021886312534926174,411.0,5531,d,4236
1236,B,0.08430589549593133,352.0,9090,b,6193
987,D,0.059855121971296665,477.0,11341,a,11156
1903,C,0.08171809889062027,155.0,6635,b,3968
511,B,0.044639329487211124,129.0,6856,d,3610
1715,C,0.05922438121119948,383.0,12224,b,8426
1989,C,0.031217810482753856,283.0,7819,b,2296
1955,A,0.06930048575951517,505.0,6460,b,9210
1646,C,0.026438053299242627,553.0,4254,b,4756
2632,B,0.10201056845308414,497.0,6132,c,7604
893,C,0.07548645451940683,598.0,11536,a,9534
1370,C,0.05851451191978464,403.0,6690,b,7816
2482,A,0.06814831993080013,86.0,9356,c,9535
473,B,0.02728012972556732,131.0,11192,d,13870
1282,B,0.09935373644881935,291.0,6471,b,4580
985,B,0.002494615191603672,75.0,6249,a,8451
335,B,0.07791496223027498,214.0,9279,d,3385
551,C,0.02991252233479793,346.0,6620,a,1176
2283,A,0.07102611613740656,351.0,5906,c,7836
66,A,0.06963128143977301,126.0,7924,d,11222
1586,B,0.05550879973999177,385.0,6756,b,9041
718,C,0.045984866405742605,201.0,6021,a,5383
1374,C,0.0917811404916526,470.0,9500,b,7242
140,B,0.013393756118211095,301.0,5168,d,4676
1097,B,0.03650572295524156,342.0,2599,a,4086
1029,B,0.01423510707894678,345.0,6132,a,10917
1082,C,0.07612414138169266,96.0,11925,a,8274
2411,B,0.008955597562552075,122.0,5641,c,11202
1239,B,0.045007986857610045,142.0,9337,b,9364
583,B,0.021149943596951895,218.0,9289,a,7973
2629,A,0.006842954404383553,155.0,9480,c,9316
2603,D,0.07094063491216182,282.0,8167,c,3353
1786,D,0.07074117755637925,311.0,11433,b,2649
1292,B,0.015916026106972188,262.0,10727,b,7251
1119,B,0.041879416791109174,327.0,7141,a,3365
102,C,0.026986691580595985,234.0,6064,d,7720
2175,C,0.09938270404197513,554.0,9597,c,2725
1478,C,0.048159893945268525,89.0,12743,b,11512
278,B,0.09242331623366379,364.0,12709,d,10186
1857,D,0.0939739766885048,269.0,7574,b,-1251
185,A,0.08800466748527143,80.0,11180,d,10263
1739,B,0.02948469014696487,527.0,7370,b,6867
1549,B,0.03625543824098364,551.0,9834,b,10591
2559,D,0.10379752860141411,332.0,11639,c,1320
724,B,0.036866235456130644,218.0,4842,a,2976
2508,A,0.07889788351503375,110.0,12265,c,7413
19,C,0.07640956341506164,112.0,10793,d,10262
1150,B,0.02779899248974651,399.0,8881,a,10414
468,C,0.07112333027718076,175.0,6756,d,7569
54,C,0.011559819203376573,518.0,8361,d,4514
1669,A,0.09043470268929087,563.0,13557,b,12289
1721,B,0.03369720941045172,478.0,4291,b,7156
2348,A,0.03985574221692195,393.0,2475,c,2325
2143,C,0.007694635360330921,359.0,9640,c,9745
1560,A,0.0861610525498954,111.0,7777,b,10405
1540,C,0.10382590910955965,502.0,11734,b,2690
1137,B,0.019752885794972076,111.0,6466,a,12120
1817,D,0.048403431202884,328.0,7148,b,7833
750,A,0.09886895185798845,576.0,7121,a,7539
1362,D,0.09162026947234654,158.0,14206,b,5654
1126,C,0.08868615362793399,319.0,7595,a,6869
82,B,0.04795666005111258,117.0,10711,d,10296
122,C,0.05797753817180036,129.0,12188,d,7756
2651,A,0.09710756274483093,391.0,5743,c,6511
1338,D,0.06733674719683629,503.0,14825,b,9872
2582,D,0.1080128317760185,488.0,9235,c,4880
1840,B,0.011333905131370276,242.0,5177,b,5162
2049,B,0.011488919597161789,496.0,4196,b,4399
2118,B,0.004069261723784691,504.0,4528,c,4281
689,B,0.0894479088785947,117.0,12233,a,3953
1146,B,0.06691160647914954,259.0,10987,a,6130
1069,A,0.08638955428811304,533.0,13633,a,9314
214,C,0.09015744446587637,220.0,13276,d,5800
2069,D,0.0624697484851271,470.0,10778,c,2362
1948,A,0.0768866426874294,100.0,9051,b,6428
2236,C,0.06585389733351107,211.0,9534,c,9300
2321,B,0.04548320956207882,495.0,12368,c,12683
1076,D,0.04066158036266309,261.0,11563,a,11143
796,B,0.0264031559740924,325.0,9752,a,12412
1595,A,0.08511126500792793,501.0,10855,b,3811
315,B,0.07509379134672425,604.0,13008,d,11305
1572,C,0.031025093773109948,181.0,10861,b,11924
159,C,0.09795177208413092,526.0,7505,d,4045
2608,B,0.03251017081866856,412.0,7876,c,11332
318,C,0.10451844292090809,289.0,10152,d,5024
717,C,0.03992295840224134,383.0,6207,a,5498
2268,B,0.08136159066255202,130.0,13814,c,12064
2685,B,0.022372036146341572,290.0,7236,c,9504
190,B,0.0698981895384456,253.0,7431,d,2159
598,C,0.09915804400470749,364.0,9685,a,5651
978,B,0.09776418808745732,401.0,12584,a,11467
1231,B,0.04588364310453828,388.0,8908,b,10257
2678,A,0.0964166128432434,309.0,8283,c,10922
2067,D,0.04566987670203606,317.0,8019,c,7498
1376,C,0.05588437177266261,222.0,12977,b,11674
1962,B,0.0695443962678035,242.0,11951,b,5718
811,A,0.03078240716222939,309.0,6176,a,4777
1902,D,0.043112685947588,165.0,11035,b,9957
534,A,0.009543551464564658,109.0,4661,d,7256
479,B,0.06611270269377914,544.0,10090,d,7125
2507,D,0.1022360683707847,537.0,14036,c,9043
2172,D,0.020454570770483144,270.0,5382,c,1379
974,D,0.06997859527637836,315.0,10562,a,2830
2337,C,0.02733175628095479,506.0,11232,c,6328
726,C,0.05518736359570855,75.0,11122,a,9771
2518,D,0.03717703325555123,403.0,11352,c,6290
1462,B,0.06555311274849102,216.0,8345,b,6488
1585,B,0.08424191522871845,553.0,11241,b,9799
2422,A,0.05359340424440682,606.0,5063,c,9380
1803,B,0.075739184091042,511.0,6847,b,3710
1008,B,0.10140366633399997,279.0,6452,a,9127
2342,D,0.031308474600676324,226.0,6128,c,5409
1228,B,0.07263672590470963,156.0,12402,b,8241
408,B,0.038421894665259124,149.0,5529,d,6864
434,D,0.03547508806012041,517.0,11289,d,5673
2340,B,0.028986982566619728,188.0,8477,c,10777
219,B,0.06529395683158236,359.0,10751,d,7440
383,B,0.039310575275953566,494.0,4435,d,10331
1677,D,0.0709836274611593,284.0,14139,b,5193
272,C,0.010278673243876919,264.0,9978,d,8901
2033,C,0.08984291582340914,254.0,7769,b,2594
2351,D,0.012860288121358624,552.0,7071,c,9223
813,C,0.04384459792934538,361.0,5970,a,7296
866,B,0.0145521588463181,544.0,7694,a,9351
1697,D,0.08825411233722465,618.0,11784,b,7705
2495,B,0.08178766910218366,250.0,8007,c,7420
268,B,0.04988771716606407,222.0,10301,d,12511
481,D,0.09004186596048779,132.0,13106,d,8054
561,B,0.012156446063089275,506.0,5673,a,2926
1937,D,0.09821367141048223,225.0,9856,b,2172
1730,C,0.04834263858949576,598.0,12593,b,5559
2167,A,0.08813438292090661,313.0,8761,c,6331
2325,A,0.07075921607861656,454.0,7749,c,4812
347,B,0.0801729201440651,338.0,10831,d,4008
1887,D,0.03179233908934368,325.0,9841,b,7251
1145,D,0.08767433141597239,446.0,9340,a,2181
658,B,0.054051125494667784,382.0,5727,a,3279
590,C,0.0667862341035955,127.0,7012,a,9730
1386,D,0.08015091040795216,584.0,8680,b,3749
2461,D,0.045439375093189606,297.0,13222,c,6965
89,A,0.08162599594574156,453.0,9086,d,6322
2272,C,0.09036413716130398,369.0,9829,c,7041
644,C,0.030788167645263025,452.0,7996,a,4034
760,C,0.08469396521236282,310.0,7938,a,7080
1050,B,0.08039546643212434,553.0,9976,a,10116
177,A,0.05610063584385653,200.0,5057,d,7422
823,B,0.022287214045816385,540.0,8495,a,9016
1234,A,0.06939589982564756,253.0,7843,b,4173
2098,D,0.01434110262113213,161.0,10126,c,6363
2398,C,0.02080021411568878,63.0,10178,c,6156
1117,C,0.08231119054777539,262.0,14873,a,6839
1772,C,0.09015317635071841,459.0,8783,b,8545
2094,D,0.061034608488103624,100.0,12786,c,5485
1327,D,0.10559130593997632,401.0,14630,b,5257
785,C,0.028770711390643012,456.0,6204,a,5827
2,A,0.07805421460113214,99.0,8091,d,2040
2409,A,0.07454549984922071,520.0,10171,c,12408
1976,C,0.084396318302442,343.0,8560,b,6026
108,C,0.025558929599459802,503.0,5242,d,1685
2663,D,0.0717011736466983,302.0,12468,c,9694
2048,C,0.03270107178966817,205.0,8183,b,9079
1916,B,0.03194203308281951,124.0,8453,b,6380
171,A,0.03596311492222272,478.0,4056,d,1941
412,B,0.030682993665864522,439.0,11010,d,10454
2521,A,0.06502080231610466,605.0,9755,c,7265
416,B,0.0450167612248207,373.0,7672,d,7203
2231,D,0.0823163506737806,243.0,11551,c,9498
1294,C,0.08033758777510226,210.0,13774,b,5189
2376,B,0.039854785864508205,207.0,10221,c,6247
1848,D,0.05038866997101131,481.0,6281,b,-460
364,D,0.060508879110575634,322.0,9782,d,6979
2160,B,0.05666647537165379,358.0,6070,c,9762
740,B,0.07638655224194103,524.0,6769,a,2268
73,B,0.06525596280105453,263.0,11958,d,8264
2147,C,0.007569582955357428,284.0,6740,c,6431
1511,B,0.06943051243883522,345.0,8350,b,7253
1457,D,0.0685432793098675,384.0,11673,b,6409
312,B,0.021145262528889108,250.0,2954,d,1169
1643,C,0.08619619638558743,189.0,10148,b,7415
856,C,0.08631862470430794,498.0,13385,a,11013
378,B,0.08699310940922518,142.0,9046,d,6438
2077,A,0.03712958627581801,60.0,3378,c,8747
154,A,0.03716124092233801,491.0,4676,d,3953
1216,B,0.07516221242936388,286.0,5040,b,2316
772,B,0.04821288285640399,92.0,7751,a,5013
1974,B,0.06045482071711651,124.0,5788,b,6646
2627,D,0.09263684952279655,442.0,11858,c,8231
930,C,0.0375108182035805,567.0,8186,a,1786
1917,C,0.04803451797838039,137.0,6645,b,7136
1507,C,0.017710839662946266,433.0,10302,b,8703
308,D,0.05799614220006268,49.0,5120,d,-542
1001,C,0.053291484760121556,379.0,12125,a,3582
1604,C,0.0881824202466127,185.0,7491,b,6122
143,D,0.09209921933250438,370.0,14123,d,10062
965,B,0.07626215816961825,315.0,7860,a,2412
1885,B,0.0803959328239517,500.0,12175,b,5206
1080,C,0.024206235958062088,487.0,12122,a,10651
632,D,0.07278765461598431,297.0,11111,a,2337
2633,B,0.052971871055471034,391.0,8921,c,3348
955,C,0.09652825209606952,139.0,13684,a,7392
1343,B,0.07416176073750164,517.0,13087,b,8986
178,C,0.052430575755684716,356.0,7644,d,5254
498,C,0.05718601983994932,563.0,9552,d,6218
340,C,0.07236747404752146,286.0,8176,d,5088
1349,B,0.07989402099640446,257.0,8166,b,4634
1853,C,0.06088150999782873,251.0,11152,b,10681
2125,D,0.01869711098032065,134.0,10730,c,5678
198,C,0.10181008959899815,398.0,10707,d,2912
1901,D,0.0495354730437099,248.0,6817,b,1544
2070,C,0.01909208796981514,285.0,9703,c,11039
2213,A,0.0742885537979869,285.0,6640,c,4774
1166,B,0.08584546127620565,186.0,9866,a,7095
1676,C,0.050777912493214894,376.0,13499,b,4742
1839,B,0.07822290997046386,224.0,8842,b,7576
1664,A,0.07014874666998037,431.0,6575,b,7371
1339,D,0.035053367067885824,343.0,9402,b,3296
2184,D,0.10857522723022268,456.0,10635,c,4112
759,B,0.02947348019470401,494.0,6430,a,2921
170,C,0.06487626827776735,379.0,8443,d,6165
773,A,0.04270569604247686,394.0,8778,a,12707
2308,B,0.05126377233838393,315.0,9477,c,3957
2242,B,0.03113803001478948,123.0,3897,c,3408
992,C,0.06550805588875905,122.0,10031,a,2758
45,B,0.029554102695013774,479.0,7344,d,7612
1642,C,0.03925762433920146,498.0,10690,b,4233
467,C,0.06341346738646335,495.0,10878,d,7125
1729,B,0.07820238327607701,221.0,7951,b,2423
1577,D,0.09401445960290904,615.0,9199,b,2293
1944,B,0.09926495363046886,106.0,11292,b,4102
2580,D,0.08547691073490435,190.0,7682,c,4066
319,A,0.06108063660506953,278.0,7308,d,10613
184,A,0.016915401727854586,51.0,9584,d,13415
1709,B,0.08090038178996095,285.0,13059,b,10141
1515,B,0.02263406712906913,475.0,5944,b,7379
2543,A,0.009070064233387524,80.0,5797,c,11785
2001,A,0.07573665996993517,257.0,5103,b,7896
1486,B,0.06052212284575277,369.0,5998,b,9739
839,B,0.06446623800506966,565.0,12439,a,4814
2291,B,0.04865970239782138,545.0,6555,c,8809
2252,A,0.027652794732047077,353.0,4112,c,7335
744,C,0.06305049869580055,471.0,12911,a,3944
539,D,0.10796411706228085,609.0,11932,a,4580
1154,D,0.07012413633105756,491.0,8927,a,4391
801,B,0.034038742906656774,371.0,9140,a,4934
2290,A,0.05248173999419951,157.0,4933,c,4805
1135,D,0.03479022938172609,390.0,8745,a,3552
210,C,0.06454407243765771,429.0,9344,d,8609
1421,B,0.082226306167023,215.0,12745,b,6282
1679,D,0.04530740472332331,526.0,8492,b,6539
65,A,0.01717783588988543,202.0,9330,d,9693
863,B,0.08520222042510653,87.0,5914,a,663
1606,A,0.043692713273798964,528.0,4466,b,4897
1953,C,0.09570122938371396,282.0,12226,b,9644
203,D,0.06479162099579938,373.0,13519,d,3587
1132,D,0.020729120892232618,550.0,8204,a,7760
1021,A,0.029525405338546383,551.0,3493,a,8723
1998,B,0.06301964343071494,118.0,8334,b,7424
1026,B,0.06743207493327492,120.0,12151,a,7966
2343,D,0.018717506169968527,509.0,11360,c,10077
341,B,0.024390302013455562,583.0,8547,d,12588
2587,C,0.08685009073050805,135.0,13144,c,10539
875,B,0.01618017077656595,527.0,3322,a,4685
1120,D,0.01286917878330118,293.0,5504,a,3348
372,C,0.08687304656305203,523.0,14000,d,7177
576,D,0.1036973443448052,256.0,10393,a,5192
942,D,0.0543226141371882,143.0,11191,a,3994
211,A,0.08587279859682403,131.0,5982,d,4240
520,B,0.005728269513524177,425.0,3295,d,8370
939,B,0.03908188247618061,354.0,9698,a,5990
889,A,0.04403301328477014,222.0,6073,a,5524
1258,C,0.015626526161337428,254.0,7205,b,3450
2323,B,0.06919380271158568,536.0,6648,c,8658
1568,D,0.02649579471833961,543.0,12366,b,10972
1964,C,0.10282773067534574,359.0,12592,b,3153
1325,B,0.05629158427710039,354.0,9717,b,5472
354,C,0.10344644355384254,376.0,11673,d,7945
96,C,0.09979469115381542,121.0,14134,d,2234
2220,A,0.06705336857207692,525.0,6003,c,9323
589,C,0.028034516757870737,292.0,11503,a,2753
1610,D,0.05639498793229185,414.0,9724,b,8533
2478,A,0.06511523148380574,410.0,4434,c,6657
1770,B,0.011105273649973532,351.0,2162,b,3266
513,A,0.08281020137265141,349.0,11996,d,11699
71,B,0.05162599860355839,69.0,5208,d,6791
1554,D,0.09269172169865927,422.0,12907,b,8104
2243,D,0.0676787612086509,542.0,13552,c,7193
1894,D,0.10135894396511161,587.0,15907,b,4865
2004,B,0.028947552497318164,531.0,8513,b,7658
456,D,0.06401024459984017,288.0,8039,d,3424
725,A,0.03830261959062874,422.0,6221,a,9711
68,A,0.06546582461533043,355.0,7259,d,9307
1934,A,0.0023281665822841788,460.0,3619,b,3219
1843,B,0.01755513716742091,122.0,3871,b,6363
1436,C,0.08151981958653026,292.0,9460,b,4191
881,C,0.051738992998293376,304.0,8235,a,7491
2390,A,0.0412272331651635,219.0,10815,c,5722
231,B,0.004856221412961425,400.0,3722,d,9685
377,B,0.06899019643686963,417.0,6413,d,5231
2179,A,0.025331002820635856,503.0,3083,c,2958
862,C,0.10528684011417395,545.0,10875,a,904
432,C,0.08564294779274133,497.0,7003,d,3428
2232,C,0.08827242972490808,154.0,10985,c,6320
994,D,0.08750071056802133,155.0,8953,a,7859
1827,A,0.027483359884469417,490.0,2606,b,4351
2592,B,0.04764137566404094,368.0,11193,c,6885
1378,B,0.03327479713211926,250.0,9215,b,7289
1143,B,0.060340250017105704,497.0,6916,a,1933
1728,C,0.04611575471161443,606.0,9952,b,9806
172,A,0.027528200266663118,138.0,9769,d,8587
2233,B,0.0983492761006576,90.0,6935,c,3671
1248,B,0.02113087605565303,294.0,9277,b,10843
814,B,0.08899972363901319,150.0,13217,a,6628
208,C,0.016556688718748436,540.0,7521,d,3602
218,B,0.06846835573893448,465.0,10290,d,11059
948,C,0.0779771898789415,101.0,13376,a,5825
16,B,0.09115711452787517,557.0,13647,d,9742
2615,B,0.05680154688103726,425.0,11813,c,12723
367,C,0.013043418044353106,181.0,4683,d,5100
1406,B,0.027008214151287485,289.0,5596,b,2217
1128,B,0.031213120234191392,223.0,5082,a,3821
884,D,0.036684214817061876,227.0,12114,a,3506
1319,C,0.07431627537916372,587.0,13918,b,11272
1388,C,0.01708422891414097,516.0,6966,b,6298
2403,C,0.09689229153807008,553.0,9833,c,1529
2510,B,0.08945400846923884,360.0,10250,c,8045
1544,B,0.09745044934521131,540.0,10017,b,7034
2193,C,0.1014462555282983,358.0,12129,c,4573
1550,C,0.04498267092153009,244.0,4393,b,7223
394,A,0.08678502590835582,117.0,5088,d,6122
2264,B,0.03589304807183903,479.0,9866,c,10194
984,B,0.09633665834137378,476.0,7292,a,3190
542,A,0.04041987441231519,74.0,3111,a,6843
803,A,0.07868930061619533,153.0,12847,a,7355
677,A,0.013103315058027762,178.0,4878,a,11492
406,C,0.0809256210912217,371.0,6548,d,7818
1459,D,0.03433220341274318,107.0,6389,b,4627
552,B,0.04858115143265946,275.0,6579,a,6805
362,C,0.028267599790470242,467.0,4694,d,6105
549,B,0.04719596846677267,417.0,5190,a,8726
970,B,0.0380869138495928,320.0,6222,a,8228
2127,B,0.06537627967142286,256.0,7783,c,4734
2311,C,0.06807412766297292,372.0,11481,c,10824
940,C,0.07460091896092311,105.0,8959,a,4031
1852,A,0.03865053654568642,226.0,5385,b,5967
1539,C,0.10521470541793443,124.0,12742,b,3188
788,B,0.04000715084560769,110.0,5193,a,2448
1979,B,0.037595987096482986,317.0,4008,b,5163
355,C,0.022598580482743373,248.0,7559,d,5586
1299,D,0.0560225080369709,519.0,11601,b,10821
2635,C,0.1023439829403899,331.0,8944,c,1268
1547,C,0.0063515245729405066,200.0,7373,b,3913
1625,B,0.06753966755844668,181.0,5690,b,2643
1599,C,0.06172961564018897,211.0,9364,b,9386
642,B,0.056589434349152715,43.0,10585,a,10404
1567,B,0.018256536006921564,217.0,6997,b,9534
554,B,0.07557274352572114,483.0,7409,a,6943
2535,D,0.015359822976381082,405.0,5458,c,386
693,B,0.028262733043419214,317.0,11235,a,6254
1961,A,0.031553807758227824,300.0,9648,b,10180
2374,A,0.05160319440358131,197.0,3994,c,5133
649,D,0.04747759233707578,176.0,10954,a,10103
2227,B,0.012864468428263947,402.0,7092,c,9990
1996,C,0.09974384609465801,409.0,13678,b,8691
420,C,0.09317613016677997,190.0,10510,d,5430
593,B,0.009365645555885784,452.0,8678,a,9030
559,A,0.05438934822369494,263.0,9343,a,6387
339,A,0.06401709099383782,215.0,6486,d,10023
1580,B,0.060259920357356944,479.0,9260,b,6125
1921,C,0.09013292961919983,268.0,14113,b,12405
2396,D,0.07113602140000902,334.0,9676,c,3617
706,C,0.08575391986715937,411.0,7686,a,6997
2303,B,0.04987779621793598,382.0,6662,c,7484
1765,A,0.014828965047536108,231.0,7783,b,9353
2144,D,0.05244983730597943,258.0,6459,c,2035
1444,C,0.08423609199867543,390.0,13552,b,9049
2634,C,0.07999010623936105,470.0,7696,c,1250
960,B,0.03778622940550552,101.0,7585,a,9932
1265,D,0.08560266304444752,118.0,8090,b,1425
1164,A,0.0749009796506643,476.0,6176,a,4933
2041,D,0.03998759856841871,574.0,6881,b,3657
2380,D,0.0157400580287658,308.0,7219,c,6462
2288,B,0.04995802211439985,64.0,10629,c,6918
1493,A,0.0751037055254263,310.0,11409,b,10944
1484,D,0.08948449435404741,178.0,11373,b,2883
500,B,0.10004166679849376,191.0,8507,d,10051
147,A,0.04248513129771848,363.0,6463,d,11679
258,C,0.06589105111075853,250.0,8193,d,6043
769,B,0.09613869180291204,173.0,12119,a,11463
13,B,0.06552893131486148,526.0,7475,d,7058
1774,B,0.0311555271307548,361.0,3902,b,2045
1767,B,0.06991190283603457,280.0,9393,b,5393
2093,B,0.07216109088193186,285.0,12061,c,13038
114,B,0.09118748183339206,520.0,12306,d,11701
957,B,0.006027937364582345,38.0,8806,a,10015
2540,C,0.04957139039808387,40.0,9491,c,4550
241,C,0.09944158110786253,100.0,10864,d,6712
2235,C,0.017014113204039064,258.0,7803,c,8351
1354,C,0.055223859940700934,105.0,8841,b,1567
679,D,0.08015539069349148,175.0,13549,a,7066
2682,C,0.04031242523378277,380.0,8425,c,1623
56,C,0.024307285244751085,228.0,8332,d,10241
1252,C,0.010335029215642565,360.0,11333,b,5322
2577,A,0.022406052616198262,439.0,9854,c,7571
435,C,0.017310229549252498,543.0,10980,d,7200
1735,B,0.08181261259211076,54.0,11629,b,9498
2618,A,0.059602521024846776,408.0,5372,c,8992
155,A,0.07357738061011367,579.0,6975,d,3649
2686,C,0.06575021716182694,123.0,8488,c,1623
1361,C,0.05710462418417321,239.0,10312,b,3748
1016,A,0.07242448359780433,430.0,7192,a,10886
60,C,0.07836088994174366,330.0,11991,d,4745
29,C,0.06419310338295788,176.0,10782,d,9346
782,C,0.009198971666990985,470.0,10850,a,7399
35,A,0.06336798288578321,538.0,8329,d,11521
2263,D,0.023650544563504287,508.0,5164,c,4539
1446,A,0.06702218069214971,231.0,5468,b,4083
1171,B,0.09848915400187844,299.0,7251,a,9022
1310,B,0.018403895837830163,271.0,9548,b,10391
1060,A,0.09045252641020914,289.0,11739,a,11264
358,A,0.07387156271752005,406.0,12297,d,10624
1123,C,0.01458584418694731,297.0,4907,a,1438
499,A,0.04167313330669664,305.0,8554,d,9421
524,C,0.06024241421912761,530.0,12615,d,4104
1200,D,0.07958319526037957,327.0,11206,a,6324
737,B,0.022385156862106542,367.0,5593,a,5856
50,A,0.0044271088744758805,441.0,8290,d,7039
265,B,0.027217561572592957,306.0,5268,d,7777
1789,B,0.07473000017941517,238.0,12065,b,8602
1315,D,0.06559920994456565,322.0,11991,b,8083
1518,A,0.08802178306576246,303.0,8745,b,6010
1982,B,0.0885233922312194,482.0,11674,b,10952
2103,B,0.07644742781181416,136.0,9331,c,10051
1781,C,0.012006762265804877,171.0,4529,b,3398
2664,B,0.04995471594054125,461.0,9538,c,10909
336,B,0.014019224684618614,292.0,8838,d,12638
548,C,0.09014188331008217,453.0,8916,a,8209
2113,B,0.08136636455103119,496.0,5785,c,2349
1861,C,0.008979739021094817,317.0,5945,b,4018
887,B,0.093361346733086,129.0,13181,a,5683
2617,C,0.04735877412790435,512.0,6646,c,4446
494,A,0.05183840994704505,545.0,6264,d,3217
580,B,0.012718324811419912,92.0,2515,a,3631
1773,B,0.03889110289668304,597.0,6534,b,5812
2030,B,0.061628794136321274,79.0,6214,b,9489
431,C,0.03990152842397536,104.0,9899,d,3359
1189,C,0.014981753852839697,361.0,9447,a,3122
1229,C,0.0410864157105815,535.0,11986,b,11085
2199,C,0.07046178665810485,227.0,14246,c,11201
2539,B,0.04172103814555074,348.0,11356,c,6226
212,B,0.06469697801735994,187.0,12098,d,12690
2619,C,0.10406068601331223,419.0,10443,c,7918
1064,C,0.08739259344540456,233.0,11959,a,8962
1245,C,0.026707064234452786,514.0,9379,b,10437
75,C,0.00933576886460309,155.0,8886,d,12146
2149,C,0.023590537616532854,479.0,11046,c,3941
1312,B,0.026799797289205913,340.0,9296,b,8865
2436,C,0.06867084260214773,193.0,10372,c,6917
1031,B,0.077591343009379,600.0,7928,a,5610
2341,B,0.014368274120596219,532.0,9235,c,5879
247,A,0.052721231856259224,271.0,6844,d,10743
2145,B,0.0875849718756333,128.0,10752,c,6027
1500,C,0.06076956741963398,185.0,12010,b,7957
186,D,0.10752550322699587,500.0,8391,d,4560
1798,C,0.028090162012250987,195.0,6340,b,4479
668,C,0.054987960642921815,337.0,11371,a,5635
2277,A,0.0938813191658119,359.0,6242,c,9900
1336,B,0.081555374177153,571.0,12151,b,10855
8,D,0.02048927640328569,468.0,8610,d,10244
1075,A,0.08331536047893776,223.0,12466,a,9861
1923,B,0.09796642548592323,420.0,13154,b,12406
631,B,0.023490727471164295,384.0,6778,a,8591
293,C,0.05813142487646261,324.0,11945,d,6494
1900,B,0.032938451500675994,100.0,3664,b,5167
1105,B,0.08713489949103725,353.0,10698,a,6497
32,B,0.014532274329646636,319.0,10601,d,6580
134,B,0.0730006535595568,157.0,8417,d,9818
1124,B,0.008474674867877905,64.0,4431,a,7415
445,D,0.018855359251956035,317.0,9071,d,3684
226,D,0.06486437073820175,515.0,13355,d,8993
464,C,0.013949701439489582,194.0,3428,d,3671
455,B,0.07299426420246416,495.0,11986,d,9803
2410,B,0.06550945363976088,505.0,5866,c,7107
2659,B,0.057601499689821166,313.0,9028,c,3890
1764,D,0.019892819694656623,385.0,11133,b,8200
999,C,0.06554123416257931,389.0,11991,a,10945
1756,A,0.027448249824388593,398.0,5570,b,4310
2471,C,0.08323319865077412,352.0,9598,c,2862
752,B,0.03216737499004683,364.0,9921,a,5367
2614,B,0.054222635561191966,396.0,10848,c,5558
533,B,0.05353450354956983,417.0,11761,d,12493
243,B,0.0541764842274091,468.0,8077,d,10464
401,B,0.0028354807075249297,339.0,5802,d,6137
1495,D,0.04190637502762921,141.0,11672,b,10962
585,B,0.02689683142417943,243.0,5082,a,2702
244,C,0.015517292960096508,373.0,4029,d,6108
1806,C,0.013700874013792785,191.0,4280,b,8740
2387,A,0.008984791710776392,89.0,6647,c,5349
1340,A,0.0089799861042178,191.0,1967,b,7271
1501,C,0.05139886256430154,259.0,7978,b,7686
450,D,0.04543788778369222,433.0,6738,d,4457
1227,B,0.06288325058890423,327.0,5091,b,4651
1182,C,0.06759088663612388,158.0,7206,a,6080
1787,C,0.08355228666596629,237.0,14433,b,10885
285,C,0.05337530222071164,441.0,9833,d,7214
471,D,0.05979635533784659,411.0,6247,d,7619
1858,C,0.07342549766563068,233.0,10415,b,4614
1637,B,0.05849052495800884,247.0,6647,b,4921
1819,C,0.02138237411879304,424.0,5414,b,9250
2442,B,0.034466509714850935,131.0,8096,c,4377
2324,B,0.04602893860625253,411.0,6661,c,2922
1650,B,0.047534041450548535,274.0,12152,b,11761
304,C,0.08760559814574945,447.0,8898,d,4737
871,B,0.06790392169746268,115.0,5424,a,9878
1804,A,0.039979670665381224,373.0,8669,b,5018
611,D,0.08098641159856537,356.0,8204,a,7001
2088,A,0.06502438626277414,521.0,10812,c,9161
1407,B,0.013373923264746573,57.0,6594,b,3157
426,D,0.064290443993313,160.0,7160,d,7232
1184,C,0.03406598463830155,90.0,6594,a,8925
1760,A,0.048077944841233754,334.0,12191,b,8660
1014,D,0.10530784222322061,587.0,8651,a,775
1662,C,0.08093105911702674,367.0,13328,b,4738
2090,B,0.02538123561405648,254.0,7410,c,11229
2129,B,0.08921791355924619,387.0,10336,c,7735
1719,C,0.09464749192583946,388.0,14577,b,4512
2164,D,0.08882418148259154,285.0,14101,c,10531
2063,A,0.08349032691441617,347.0,11139,b,5822
2225,B,0.005491773068300803,376.0,1818,c,5054
678,B,0.024733999802621594,386.0,7288,a,5242
1044,C,0.09053438230407461,248.0,7207,a,2227
2641,A,0.08654575007420902,522.0,12495,c,8477
943,B,0.01441445713787759,335.0,8947,a,8351
1218,B,0.0488624836635007,161.0,11634,b,6818
1498,C,0.036755216478486966,210.0,8006,b,4283
1065,B,0.060728622669937816,202.0,11746,a,7054
1593,C,0.06592652842139476,123.0,10453,b,6741
2267,A,0.08003163726146958,513.0,11379,c,6468
1860,A,0.02038136009773096,340.0,2821,b,3250
49,C,0.04308291464771904,131.0,5343,d,6026
540,B,0.08308079200484048,399.0,6757,a,4583
1668,C,0.07408349286703349,457.0,13693,b,5174
110,B,0.08903441683123921,505.0,8028,d,1534
1631,A,0.034871455044238824,122.0,8642,b,4979
1816,B,0.017618844695968576,285.0,4726,b,10875
510,B,0.007632385474750096,480.0,6865,d,8026
1856,C,0.02440845150095539,448.0,10933,b,8715
2142,A,0.05958089275207845,207.0,11871,c,7017
44,A,0.025301919959621867,496.0,10221,d,8914
1115,B,0.0958232321710226,441.0,9851,a,9905
1269,C,0.046726329874115506,179.0,7719,b,3554
235,B,0.032219501020076265,370.0,8200,d,9135
1324,B,0.023908567178583365,188.0,9799,b,11418
1607,B,0.07619516595796369,217.0,10300,b,9451
78,C,0.08327441960708062,260.0,12106,d,10592
269,A,0.044989358437557976,551.0,7347,d,7883
1692,B,0.024598176221191294,295.0,9997,b,7365
826,B,0.012288784699735114,573.0,3098,a,2505
313,B,0.09008582265050401,203.0,8449,d,6116
2016,B,0.09788070985860728,178.0,11930,b,8026
1307,D,0.0363470158457016,342.0,11034,b,6458
1351,D,0.1078780664825046,323.0,13477,b,4879
1564,D,0.09966810563194191,178.0,16131,b,6576
911,C,0.016678964811110426,137.0,6098,a,7531
1430,C,0.05300722098416558,412.0,8991,b,9192
697,B,0.10108545092850525,357.0,12829,a,4125
338,B,0.0938196516764964,262.0,11436,d,6403
466,D,0.024893280751498797,197.0,8790,d,7293
1019,C,0.08098890777994688,281.0,10558,a,4173
363,B,0.047514066583434586,420.0,5807,d,8874
1968,C,0.006457922403382799,381.0,8839,b,6748
2513,B,0.012210321984949576,322.0,10150,c,10192
1344,C,0.017153472833347273,285.0,3541,b,5176
1360,C,0.031715502676631285,100.0,11023,b,6534
2545,B,0.0048098507821642406,258.0,5205,c,9857
1094,B,0.07893145792905244,542.0,10836,a,8241
2215,C,0.06390931189958096,76.0,8744,c,5216
2638,A,0.08481601095861,134.0,8981,c,9499
1524,B,0.0063078701476170325,87.0,4227,b,3083
1034,C,0.08731129522793316,539.0,14895,a,5456
685,C,0.06324441086960667,87.0,7986,a,7752
1420,A,0.0793230994574754,399.0,4789,b,7091
1529,C,0.03368776932315462,550.0,5093,b,8048
819,A,0.06775936390165363,461.0,11908,a,13771
2104,B,0.09617547549780822,311.0,6023,c,931
83,C,0.0403494343457996,135.0,12458,d,9878
2419,A,0.09561671660309433,478.0,9404,c,2705
1311,C,0.0629649461555707,103.0,12121,b,4740
1088,D,0.0912869879671733,270.0,13254,a,3978
1957,D,0.05142770210334865,468.0,11603,b,10377
1439,C,0.08443872978080989,186.0,13355,b,10436
2623,B,0.08749617022687473,306.0,8932,c,5119
919,B,0.05688407740114411,103.0,10575,a,3616
1440,C,0.035646992010249755,476.0,9187,b,9672
2170,B,0.05359222412638794,130.0,3544,c,4545
2205,D,0.05775047989063668,555.0,7960,c,5113
2092,A,0.07033379062606376,111.0,5561,c,2852
205,B,0.04536135032763143,472.0,7569,d,6357
328,A,0.05048746403354667,153.0,7952,d,7686
808,C,0.07002467580858604,238.0,7411,a,5518
1510,B,0.0586903323238951,280.0,10734,b,7556
1196,A,0.09153217033002631,359.0,6885,a,8008
1057,B,0.0934708012547017,572.0,8951,a,3073
545,B,0.010809150309051326,426.0,10003,a,9349
528,D,0.09206329761706893,538.0,7800,d,6349
1281,B,0.005162219354752586,275.0,2384,b,8731
656,B,0.010639016709942235,223.0,4870,a,4088
2502,B,0.037064182547387345,62.0,9530,c,4858
1442,C,0.02367462235773753,127.0,10347,b,8643
2546,B,0.09004880616748062,301.0,11086,c,6931
858,A,0.04955263385939688,187.0,6157,a,4220
1808,D,0.07217553428926726,398.0,10391,b,5972
2188,A,0.035834350673542695,116.0,8424,c,4944
1855,C,0.012536523221964718,304.0,3551,b,7355
844,A,0.00859382002629089,548.0,5832,a,12088
833,B,0.0600529809043653,281.0,12022,a,9688
879,C,0.09106761334226403,345.0,8645,a,1642
1614,B,0.0035440278326488994,547.0,4828,b,4031
1749,C,0.07279402457186684,219.0,8749,b,4080
1768,B,0.05234503920456064,260.0,9100,b,11188
213,A,0.053760186875265695,273.0,10181,d,10032
472,A,0.08752073059588353,530.0,11107,d,10245
2359,B,0.04537126867853677,380.0,11140,c,4810
131,B,0.10189256208016428,353.0,11087,d,2837
1039,D,0.10125955253254253,383.0,13756,a,7403
439,C,0.08086753161247409,530.0,8714,d,6081
849,B,0.03629275116901266,397.0,6665,a,6436
2612,B,0.007478895999132418,483.0,6264,c,8326
476,B,0.03993086949227305,310.0,11812,d,10484
1419,A,0.06278893101845927,378.0,4848,b,2461
904,C,0.05242915025807663,329.0,10339,a,3714
1609,C,0.007912001631113738,579.0,7836,b,7295
1752,A,0.03873550127667936,419.0,10290,b,8098
853,D,0.042800124630417186,343.0,7685,a,2339
448,A,0.014902573907525907,70.0,9130,d,5427
2391,C,0.07742380598323688,407.0,9183,c,1248
1717,B,0.0620267288502923,481.0,8261,b,6034
129,A,0.08208616707136342,226.0,11417,d,4922
2211,D,0.10584038372196847,509.0,15090,c,9068
1727,D,0.04363602804206339,548.0,8019,b,3331
103,B,0.012285149963376797,302.0,9003,d,8569
635,C,0.007326238655389008,378.0,4667,a,10600
1084,A,0.013810539215679003,497.0,9201,a,7465
784,B,0.035316247928392955,109.0,6842,a,6001
1895,B,0.06604809627924044,284.0,7907,b,9432
969,D,0.09009387732173038,217.0,8502,a,2576
1102,D,0.09788398260233218,405.0,10887,a,3339
1415,B,0.05812530021385102,466.0,9617,b,7918
165,C,0.10103053802287901,392.0,13965,d,4873
2299,D,0.0907546003529986,186.0,8454,c,-144
1260,B,0.018719761452917955,393.0,5580,b,9834
1618,A,0.07017521111147634,129.0,7788,b,10238
1742,A,0.011438280843751387,484.0,6030,b,6307
907,A,0.0410518762706376,76.0,10607,a,6864
2079,B,0.09268062902906024,511.0,5733,c,348
349,C,0.0555841484872456,469.0,4410,d,101
2254,B,0.033948556195035784,571.0,4342,c,2599
1494,C,0.058403731769047174,430.0,4906,b,6759
371,C,0.07012889656119312,538.0,12260,d,10696
2533,C,0.01494077453026984,568.0,9755,c,5022
1958,C,0.034393201127416985,140.0,5038,b,7341
1276,A,0.061852155478678984,116.0,7248,b,5993
507,B,0.10161335178590274,467.0,11865,d,10173
1624,C,0.03409423304173642,124.0,8271,b,9467
1335,D,0.028287243821128617,292.0,10386,b,9500
1741,D,0.07527702686249459,509.0,10502,b,6867
2581,B,0.09989166682954989,364.0,6482,c,7728
395,A,0.09087738031976128,400.0,12365,d,8487
625,B,0.07084283257582742,111.0,6859,a,1842
695,B,0.09631676081012075,532.0,13974,a,9438
947,D,0.09711998900927762,515.0,12362,a,8532
761,B,0.005073586996320772,530.0,7699,a,9692
1382,B,0.09625423096547789,596.0,14279,b,5258
2153,C,0.05863692475253342,350.0,12123,c,10136
263,D,0.0896559580133645,167.0,8576,d,7471
1383,B,0.0568998983242773,392.0,9865,b,6619
2548,C,0.06984645420696445,446.0,13779,c,12799
2312,D,0.01858341044453867,169.0,5893,c,8345
846,B,0.049071848087041896,559.0,11288,a,11524
783,C,0.03822433742550563,113.0,11876,a,8738
1401,D,0.014842340734823073,568.0,9061,b,8815
645,C,0.094486970468868,551.0,13960,a,11171
2494,D,0.07478462956476764,258.0,13845,c,8661
2055,B,0.06462231959502163,496.0,10477,b,6764
1658,B,0.010554050289255094,345.0,8366,b,7062
2630,B,0.008335608246726862,530.0,8235,c,9872
771,A,0.02299004959521367,539.0,5414,a,3882
1754,B,0.09081769880747102,203.0,7419,b,1721
2415,D,0.03196647099863048,148.0,8581,c,2758
51,D,0.0931063995484642,199.0,12100,d,2727
2355,C,0.06907360826025165,401.0,11995,c,9248
493,D,0.05353798860650634,270.0,6326,d,1228
601,B,0.06132716908259751,216.0,6963,a,8775
2622,C,0.02991511968665172,218.0,9363,c,10875
301,A,0.03448425838384133,296.0,6908,d,10650
1375,C,0.07339891915462318,282.0,9191,b,4979
1121,B,0.019299575573070132,239.0,7649,a,3821
2449,B,0.06073210379293249,137.0,11252,c,8294
993,A,0.057299050198717595,289.0,12506,a,10702
1035,A,0.07343421856201807,180.0,9648,a,8068
2052,B,0.024488098408811495,537.0,7888,b,11448
238,B,0.01678563555558691,505.0,6888,d,8898
97,B,0.03664650659533507,241.0,10587,d,8433
779,B,0.023995417566455297,151.0,10083,a,12644
2298,D,0.10604234578654223,561.0,15450,c,6935
111,C,0.06399807863191759,438.0,9728,d,5362
1220,D,0.06389994350451181,377.0,7329,b,6718
1636,B,0.03161415807691882,370.0,8939,b,4107
183,B,0.016620256764995334,411.0,6682,d,4118
2525,A,0.06524456552799915,481.0,3934,c,3613
1268,C,0.0700312084912668,494.0,10611,b,3052
613,C,0.08154875472627948,579.0,7763,a,3903
2017,C,0.00880509525347162,378.0,4314,b,7832
441,C,0.05539513480443751,328.0,12391,d,4785
1706,C,0.07708243687572619,311.0,13502,b,11267
1557,A,0.03460284640183057,447.0,6355,b,7034
2598,C,0.05825074986064922,117.0,6468,c,1178
1711,D,0.06608935879338144,177.0,11713,b,3224
2045,C,0.0841532388501807,261.0,13259,b,10331
81,C,0.05947821351257125,394.0,7421,d,4289
484,D,0.0248748091073779,395.0,9543,d,8849
397,C,0.051480677611397796,353.0,12253,d,5890
1291,C,0.07230093283814132,465.0,13531,b,5781
1613,C,0.10443013344737692,297.0,15262,b,5680
1410,B,0.018550345000392425,374.0,10710,b,6143
1931,B,0.02967585437663277,566.0,3861,b,9764
2304,B,0.026175261985132613,272.0,7018,c,9858
2360,A,0.06235756984711033,287.0,6565,c,8608
1156,B,0.059280727544098175,133.0,10836,a,3412
2314,B,0.012540943232145222,274.0,5489,c,9540
370,D,0.08508942495709826,587.0,14552,d,7029
1364,C,0.04508976552713381,396.0,8754,b,2329
1743,D,0.036426177352614504,525.0,7177,b,2657
88,B,0.09268211906998619,383.0,14578,d,12893
2606,A,0.06883688659740819,519.0,8793,c,3913
38,A,0.02504339289208781,54.0,2504,d,7441
1878,C,0.07613948447402812,372.0,8908,b,6844
1960,D,0.055117687151839644,596.0,13549,b,8605
1700,B,0.017636379673537296,106.0,5742,b,7377
571,C,0.06485407781370621,537.0,8541,a,4497
2687,A,0.011003289664684796,51.0,3394,c,8278
2367,B,0.05455138020310998,125.0,9368,c,7463
2062,B,0.05116086209115761,339.0,12336,b,8104
934,D,0.036754713902713676,593.0,11957,a,4666
1318,B,0.026028366384272427,115.0,6247,b,3957
261,A,0.007574862524100809,33.0,7365,d,5360
1290,B,0.09792085447805357,192.0,13119,b,9515
1969,D,0.02632792793954658,356.0,9667,b,10309
514,A,0.06703238211836904,319.0,9432,d,8486
1534,B,0.08378833189158452,364.0,10358,b,5501
2421,B,0.004181344109312165,182.0,7586,c,8289
599,B,0.07371030685079569,521.0,11817,a,4956
1874,C,0.024866059839474496,102.0,9101,b,9102
356,C,0.0647952385361344,301.0,10286,d,5463
608,C,0.03994653036715468,283.0,5637,a,8820
2194,C,0.08690048431745499,323.0,9759,c,8979
239,D,0.039578909722042775,66.0,7268,d,4038
1223,B,0.03532596663025746,585.0,4459,b,1551
2018,D,0.06764683358184256,338.0,11812,b,3691
2266,D,0.07929463683185264,220.0,14177,c,8712
119,B,0.07003495733378426,304.0,8464,d,7067
2289,C,0.04663303318818933,531.0,6121,c,7950
1988,C,0.058167507011750885,384.0,10550,b,8130
2249,B,0.05856879824819279,315.0,10699,c,5599
1814,B,0.06813498645649435,565.0,7892,b,7376
751,A,0.04932549099217697,312.0,9949,a,7049
915,C,0.07487684627530639,578.0,12915,a,7561
374,B,0.0283019102857024,292.0,4248,d,4022
1477,B,0.006189632094767862,314.0,2711,b,7118
2538,B,0.09564973870875325,553.0,12537,c,5786
1067,C,0.10694959310229087,350.0,7681,a,1407
2027,B,0.04760169109882658,399.0,11088,b,6845
1321,A,0.017869333442252687,364.0,6812,b,11994
1125,B,0.017379620763121696,147.0,2931,a,7469
463,C,0.054095369322615314,271.0,9820,d,8569
1527,D,0.017655665376692713,403.0,7294,b,808
1927,B,0.019684508527085552,86.0,6250,b,2986
1158,C,0.08450083424051538,471.0,10541,a,4137
2168,A,0.003796978293904487,225.0,1000,c,9129
729,D,0.0280000995290413,198.0,6623,a,8608
410,C,0.07679384311113893,511.0,11262,d,8937
2161,A,0.07356173089725762,293.0,5136,c,3468
1391,A,0.02743370943282452,251.0,3454,b,10672
1829,A,0.04995128704365379,505.0,5455,b,8010
2400,B,0.009615837953111255,443.0,9218,c,5353
1408,A,0.017414089267226165,444.0,6712,b,5952
1224,C,0.031205054434291845,460.0,6398,b,2607
2132,C,0.06879946943472762,373.0,8843,c,7642
1089,C,0.07724529154457722,130.0,10717,a,2792
2447,B,0.04404723328755919,460.0,10871,c,10397
1693,B,0.07144796428455952,560.0,11834,b,5627
1191,C,0.06505164527583211,368.0,10909,a,3401
867,B,0.03287497991583888,261.0,7491,a,3340
1296,C,0.07769883907895032,120.0,11523,b,8942
2511,C,0.025305147652639293,174.0,5826,c,2199
382,B,0.027109685614929303,355.0,11603,d,7683
2181,C,0.04064416518390142,149.0,6372,c,6426
1262,B,0.06095452009269532,292.0,12117,b,11032
1630,D,0.013769603404669092,569.0,6512,b,8707
2468,C,0.09094390511417895,321.0,14933,c,8947
541,B,0.006334282565808667,277.0,4695,a,10475
1502,A,0.03664639388313117,241.0,9059,b,12248
490,D,0.09279281378490123,249.0,12834,d,9878
59,B,0.05138972731286503,514.0,9045,d,6851
1320,A,0.03694282385711544,338.0,7017,b,5273
2270,B,0.039536228941214654,348.0,5481,c,6096
1233,C,0.07609787679348312,98.0,7975,b,4824
188,D,0.046408510384662524,515.0,11314,d,11157
2061,C,0.09759931029895838,218.0,14697,b,3727
681,A,0.02933447937347002,371.0,8610,a,12854
2056,B,0.07720274357062276,423.0,5177,b,2998
1274,A,0.004346052923586846,482.0,8924,b,13646
2054,C,0.10127476254760151,473.0,10108,b,6026
316,A,0.006092033453539708,536.0,5253,d,5905
1238,B,0.060884916456906746,439.0,9461,b,7318
1475,C,0.053606125134256964,274.0,10312,b,5721
123,A,0.0591385513394021,306.0,8089,d,7309
2457,A,0.09894950692917455,440.0,10670,c,6014
874,D,0.029197639569958245,326.0,6812,a,7516
660,B,0.08101295632344299,486.0,7749,a,6583
1796,C,0.02881560478070062,444.0,11903,b,8802
531,D,0.04064779690375976,200.0,6636,d,5251
255,B,0.005198950524489468,441.0,8873,d,6973
1054,D,0.022971773228958572,204.0,11314,a,4242
662,B,0.06077143217587901,509.0,9952,a,8624
2350,D,0.07120266086804908,133.0,14765,c,10577
230,B,0.004553056509315091,435.0,5297,d,8554
901,A,0.0990696443141533,155.0,7692,a,9366
2583,C,0.06669795124640696,263.0,11902,c,9704
765,D,0.09316927859024363,408.0,14346,a,6711
2180,B,0.01495024949187577,490.0,2640,c,1967
2402,B,0.06655678203570252,413.0,10465,c,5669
380,C,0.027089595427765078,186.0,10756,d,6172
2165,C,0.04465919475401954,280.0,10442,c,9222
1745,A,0.09449523488250858,124.0,5323,b,1958
864,C,0.031774124484890046,155.0,8705,a,1982
1288,C,0.028097895804229778,173.0,6514,b,8901
2556,C,0.02248102063619286,530.0,6985,c,5488
787,B,0.07727399351014509,462.0,7705,a,10508
101,A,0.008281422903359358,88.0,8174,d,9177
1037,C,0.04211387787043104,356.0,7830,a,1531
2372,B,0.04502467131614973,368.0,4934,c,8033
2114,A,0.08417582119560471,475.0,12018,c,8518
421,C,0.057351558686118055,563.0,11172,d,9370
2209,C,0.08414081052633246,152.0,14165,c,7051
1851,A,0.011604857918768991,196.0,5639,b,10624
877,B,0.03590857697327413,87.0,5700,a,10871
1095,B,0.025926249586952853,410.0,5267,a,6021
675,C,0.08843864085165266,77.0,11257,a,5561
1873,A,0.055607854809581934,537.0,4282,b,9289
566,B,0.08601401386487979,223.0,10260,a,11298
290,B,0.027939622558579808,371.0,11087,d,12513
2115,B,0.09653663742763269,321.0,11987,c,10087
798,D,0.06474809474133678,209.0,13196,a,8271
1870,B,0.06428794187887131,516.0,8970,b,9143
523,C,0.07670924287829191,440.0,9119,d,4734
626,B,0.038901250586747274,442.0,12102,a,8473
495,D,0.015273350561820387,78.0,3225,d,2129
1583,C,0.04809827624920089,451.0,8263,b,5203
2208,C,0.04938243267291359,228.0,5996,c,4120
1616,C,0.0994641100882129,480.0,12051,b,11275
1782,B,0.06175700192025829,298.0,7937,b,2706
158,A,0.0359668921760886,508.0,3558,d,6410
1890,B,0.06181556618742993,185.0,7270,b,6844
790,B,0.0315032499509628,144.0,3362,a,886
2439,B,0.006203673627212365,469.0,5034,c,10398
2561,B,0.006233114118181686,182.0,7418,c,5819
